# Host: localhost  (Version 5.5.5-10.1.16-MariaDB)
# Date: 2019-09-23 14:34:36
# Generator: MySQL-Front 6.1  (Build 1.26)


#
# Structure for table "bai_action_log"
#

DROP TABLE IF EXISTS `bai_action_log`;
CREATE TABLE `bai_action_log` (
  `id` bigint(20) NOT NULL AUTO_INCREMENT,
  `user_id` int(11) NOT NULL COMMENT '用户',
  `action` varchar(64) NOT NULL COMMENT '行为',
  `ip` bigint(20) DEFAULT NULL COMMENT 'IP',
  `method` enum('POST','GET','PUT','DELETE','OPTION','HEAD') DEFAULT NULL COMMENT '请求',
  `created_at` int(11) DEFAULT NULL COMMENT '时间',
  `data` text COMMENT '数据',
  PRIMARY KEY (`id`)
) ENGINE=InnoDB AUTO_INCREMENT=1454 DEFAULT CHARSET=utf8mb4 COMMENT='行为日志';

#
# Data for table "bai_action_log"
#

INSERT INTO `bai_action_log` VALUES (1,1,'travel/product/index',0,NULL,1557815858,'{\"r\":\"travel/product\"}'),(2,1,'backend/cron/run',0,NULL,1557815860,'[]'),(3,1,'backend/action-log/index',0,NULL,1557815871,'{\"r\":\"backend/action-log\"}'),(4,1,'backend/cron/run',0,NULL,1557815873,'[]'),(5,1,'backend/action-log/index',0,NULL,1557815879,'{\"r\":\"backend/action-log\"}'),(6,1,'backend/cron/run',0,NULL,1557815882,'[]'),(7,1,'backend/action-log/view',0,NULL,1557815984,'{\"id\":\"3\"}'),(8,1,'backend/action-log/index',0,NULL,1557815987,'{\"r\":\"backend/action-log\"}'),(9,1,'backend/cron/run',0,NULL,1557815990,'[]'),(10,1,'backend/action-log/index',0,NULL,1557816133,'{\"r\":\"backend/action-log\"}'),(11,1,'backend/cron/run',0,NULL,1557816135,'[]'),(12,1,'backend/action-log/index',0,NULL,1557816244,'{\"r\":\"backend/action-log\"}'),(13,1,'backend/cron/run',0,NULL,1557816246,'[]'),(14,1,'backend/action-log/index',0,NULL,1557816480,'{\"r\":\"backend/action-log\"}'),(15,1,'backend/cron/run',0,NULL,1557816483,'[]'),(16,1,'backend/action-log/index',0,NULL,1557816820,'{\"r\":\"backend/action-log\"}'),(17,1,'backend/cron/run',0,NULL,1557816822,'[]'),(18,1,'backend/action-log/index',0,NULL,1557816833,'{\"r\":\"backend/action-log\"}'),(19,1,'backend/cron/run',0,NULL,1557816835,'[]'),(20,1,'backend/action-log/index',0,NULL,1557816861,'{\"r\":\"backend/action-log\"}'),(21,1,'backend/cron/run',0,NULL,1557816864,'[]'),(22,1,'backend/action-log/index',0,NULL,1557817039,'[]'),(23,1,'backend/cron/run',0,NULL,1557817041,'[]'),(24,1,'backend/action-log/index',0,NULL,1557817515,'[]'),(25,1,'backend/action-log/index',0,NULL,1557817527,'{\"page\":\"2\"}'),(26,1,'backend/action-log/index',0,NULL,1557817532,'{\"page\":\"2\"}'),(27,1,'backend/action-log/index',0,NULL,1557817536,'{\"page\":\"2\"}'),(28,1,'backend/action-log/index',0,NULL,1557817575,'{\"page\":\"2\"}'),(29,1,'backend/action-log/view',0,NULL,1557817578,'{\"id\":\"21\"}'),(30,1,'backend/action-log/view',0,NULL,1557817583,'{\"id\":\"25\"}'),(31,1,'backend/action-log/view',0,NULL,1557817588,'{\"id\":\"27\"}'),(32,1,'backend/action-log/view',0,NULL,1557817728,'{\"id\":\"26\"}'),(33,1,'backend/action-log/view',0,NULL,1557817733,'{\"id\":\"24\"}'),(34,1,'backend/action-log/index',0,NULL,1557817770,'{\"page\":\"2\"}'),(35,1,'backend/action-log/index',0,NULL,1557817782,'{\"page\":\"2\"}'),(36,1,'backend/action-log/view',0,NULL,1557817791,'{\"id\":\"23\"}'),(37,1,'school/district/index',0,NULL,1557904142,'[]'),(38,1,'school/district/index',0,NULL,1557904242,'[]'),(39,1,'school/district/create',0,NULL,1557904250,'[]'),(40,1,'school/district/create',0,NULL,1557904254,'{\"_csrf\":\"_ssnpYgAXO8mFGWKl61B5DGkq2Hd5t9HJp3PhHFLvkit_G7K4VULmXYiL77y7HKOQJPKBZy-73N31r3ARyDaEQ==\",\"SchoolDistrict\":{\"pid\":\"\",\"name\":\"\",\"sort\":\"\"},\"ajax\":\"school-district-form\"}'),(41,1,'school/district/create',0,NULL,1557904291,'[]'),(42,1,'school/district/create',0,NULL,1557904299,'{\"_csrf\":\"OCo9eGOao4ZRdCF9CCCcdxDIzgxLbUgcLG66KoPLdjRrHXQXCs_08AFCa0ltYa8dYf-vaAo1eCh9JchutaASbQ==\",\"SchoolDistrict\":{\"pid\":\"\",\"name\":\"浙江省\",\"sort\":\"\"},\"ajax\":\"school-district-form\"}'),(43,1,'school/district/create',0,NULL,1557904301,'{\"_csrf\":\"OCo9eGOao4ZRdCF9CCCcdxDIzgxLbUgcLG66KoPLdjRrHXQXCs_08AFCa0ltYa8dYf-vaAo1eCh9JchutaASbQ==\",\"SchoolDistrict\":{\"pid\":\"\",\"name\":\"浙江省\",\"sort\":\"1\"},\"ajax\":\"school-district-form\"}'),(44,1,'school/district/create',0,NULL,1557904302,'{\"_csrf\":\"OCo9eGOao4ZRdCF9CCCcdxDIzgxLbUgcLG66KoPLdjRrHXQXCs_08AFCa0ltYa8dYf-vaAo1eCh9JchutaASbQ==\",\"SchoolDistrict\":{\"pid\":\"\",\"name\":\"浙江省\",\"sort\":\"1\"}}'),(45,1,'school/district/index',0,NULL,1557904304,'[]'),(46,1,'school/district/create',0,NULL,1557904308,'[]'),(47,1,'school/district/create',0,NULL,1557904312,'{\"_csrf\":\"x1RFWylt0m1eUMFR9FaoDEi2HLgsQfLeh3bc_UxsBfOUYww0QDiFGw5mi2WRF5tmOYF93G0ZwurWPa65egdhqg==\",\"SchoolDistrict\":{\"pid\":\"1\",\"name\":\"\",\"sort\":\"\"},\"ajax\":\"school-district-form\"}'),(48,1,'school/district/create',0,NULL,1557904316,'{\"_csrf\":\"x1RFWylt0m1eUMFR9FaoDEi2HLgsQfLeh3bc_UxsBfOUYww0QDiFGw5mi2WRF5tmOYF93G0ZwurWPa65egdhqg==\",\"SchoolDistrict\":{\"pid\":\"1\",\"name\":\"杭州市\",\"sort\":\"\"},\"ajax\":\"school-district-form\"}'),(49,1,'school/district/create',0,NULL,1557904318,'{\"_csrf\":\"x1RFWylt0m1eUMFR9FaoDEi2HLgsQfLeh3bc_UxsBfOUYww0QDiFGw5mi2WRF5tmOYF93G0ZwurWPa65egdhqg==\",\"SchoolDistrict\":{\"pid\":\"1\",\"name\":\"杭州市\",\"sort\":\"1\"},\"ajax\":\"school-district-form\"}'),(50,1,'school/district/create',0,NULL,1557904319,'{\"_csrf\":\"x1RFWylt0m1eUMFR9FaoDEi2HLgsQfLeh3bc_UxsBfOUYww0QDiFGw5mi2WRF5tmOYF93G0ZwurWPa65egdhqg==\",\"SchoolDistrict\":{\"pid\":\"1\",\"name\":\"杭州市\",\"sort\":\"1\"}}'),(51,1,'school/district/index',0,NULL,1557904321,'[]'),(52,1,'school/district/view',0,NULL,1557904394,'{\"id\":\"1\"}'),(53,1,'school/district/index',0,NULL,1557904430,'[]'),(54,1,'school/district/index',0,NULL,1557904451,'[]'),(55,1,'school/district/index',0,NULL,1557904471,'[]'),(56,1,'school/school/index',0,NULL,1557904575,'[]'),(57,1,'school/school/index',0,NULL,1557904593,'[]'),(58,1,'school/school/index',0,NULL,1557904614,'[]'),(59,1,'school/school/create',0,NULL,1557904623,'[]'),(60,1,'school/school/index',0,NULL,1557904764,'[]'),(61,1,'school/school/index',0,NULL,1557905170,'[]'),(62,1,'school/district/index',0,NULL,1557905175,'[]'),(63,1,'school/district/index',0,NULL,1557905201,'[]'),(64,1,'school/district/update',0,NULL,1557905608,'{\"id\":\"1\"}'),(65,1,'school/district/update',0,NULL,1557905613,'{\"id\":\"1\"}'),(66,1,'school/district/update',0,NULL,1557905616,'{\"id\":\"1\",\"_csrf\":\"jZmqzMedj1_fANRyTPYwruIQvVcNcLZ9cWP5e5FhytberuOjrsjYKY82nkYptwPEkyfcM0wohkkgKIs_pwqujw==\",\"District\":{\"pid\":\"\",\"name\":\"浙江省\",\"sort\":\"1\"},\"ajax\":\"school-district-form\"}'),(67,1,'school/district/update',0,NULL,1557905657,'{\"id\":\"1\",\"_csrf\":\"jZmqzMedj1_fANRyTPYwruIQvVcNcLZ9cWP5e5FhytberuOjrsjYKY82nkYptwPEkyfcM0wohkkgKIs_pwqujw==\",\"District\":{\"pid\":\"\",\"name\":\"浙江省\",\"sort\":\"1\"}}'),(68,1,'school/district/index',0,NULL,1557905659,'[]'),(69,1,'school/district/update',0,NULL,1557905662,'{\"id\":\"2\"}'),(70,1,'school/district/update',0,NULL,1557905667,'{\"id\":\"2\",\"_csrf\":\"fhU86Q--wjiq2G0W9shtMA_sQa44PYGiqvLzj3jeY1AtInWGZuuVTvruJyKTiV5aftsgynllsZb7uYHLTrUHCQ==\",\"District\":{\"pid\":\"1\",\"name\":\"杭州市\",\"sort\":\"1\"},\"ajax\":\"school-district-form\"}'),(71,1,'school/district/update',0,NULL,1557905669,'{\"id\":\"2\",\"_csrf\":\"fhU86Q--wjiq2G0W9shtMA_sQa44PYGiqvLzj3jeY1AtInWGZuuVTvruJyKTiV5aftsgynllsZb7uYHLTrUHCQ==\",\"District\":{\"pid\":\"1\",\"name\":\"杭州市\",\"sort\":\"1\"}}'),(72,1,'school/district/index',0,NULL,1557905670,'[]'),(73,1,'school/district/index',0,NULL,1557905708,'[]'),(74,1,'school/district/index',0,NULL,1557905806,'[]'),(75,1,'school/school/index',0,NULL,1557905848,'[]'),(76,1,'school/school/index',0,NULL,1557906007,'[]'),(77,1,'school/school/index',0,NULL,1557906040,'[]'),(78,1,'school/school/index',0,NULL,1557906050,'[]'),(79,1,'school/school/create',0,NULL,1557906084,'[]'),(80,1,'school/school/index',0,NULL,1557906120,'[]'),(81,1,'school/school/create',0,NULL,1557906133,'[]'),(82,1,'school/school/index',0,NULL,1557906175,'[]'),(83,1,'school/school/create',0,NULL,1557906178,'[]'),(84,1,'school/school/create',0,NULL,1557906212,'{\"_csrf\":\"GX_hujGqlhwdq-5hp0PJEWx2w4YT349EODL2gYVLRItKSKjVWP_Bak2dpFXCAvp7HUGi4lKHv3BpeYTFsyAg0g==\",\"School\":{\"district_id\":\"2\",\"name\":\"\",\"addr\":\"\",\"contact\":\"\",\"tel\":\"\",\"logo\":\"\",\"intro\":\"\"},\"ajax\":\"school-form\"}'),(85,1,'school/school/create',0,NULL,1557906287,'{\"_csrf\":\"GX_hujGqlhwdq-5hp0PJEWx2w4YT349EODL2gYVLRItKSKjVWP_Bak2dpFXCAvp7HUGi4lKHv3BpeYTFsyAg0g==\",\"School\":{\"district_id\":\"2\",\"name\":\"\",\"addr\":\"\",\"contact\":\"\",\"tel\":\"\",\"logo\":\"\",\"intro\":\"\"},\"ajax\":\"school-form\"}'),(86,1,'school/school/index',0,NULL,1557906310,'[]'),(87,1,'school/school/create',0,NULL,1557906321,'[]'),(88,1,'school/school/create',0,NULL,1557906325,'{\"_csrf\":\"4unAVw72UbjkQs0GPq4gucN2H7gU0HYsi8YQCPpqhBSx3ok4Z6MGzrR0hzJb7xPTskF-3FWIRhjajWJMzAHgTQ==\",\"School\":{\"district_id\":\"2\",\"name\":\"\",\"addr\":\"\",\"contact\":\"\",\"tel\":\"\",\"logo\":\"\",\"intro\":\"\"},\"ajax\":\"school-form\"}'),(89,1,'school/school/create',0,NULL,1557906338,'{\"_csrf\":\"4unAVw72UbjkQs0GPq4gucN2H7gU0HYsi8YQCPpqhBSx3ok4Z6MGzrR0hzJb7xPTskF-3FWIRhjajWJMzAHgTQ==\",\"School\":{\"district_id\":\"2\",\"name\":\"听涛幼儿园\",\"addr\":\"\",\"contact\":\"\",\"tel\":\"\",\"logo\":\"\",\"intro\":\"\"},\"ajax\":\"school-form\"}'),(90,1,'school/school/create',0,NULL,1557906346,'{\"_csrf\":\"4unAVw72UbjkQs0GPq4gucN2H7gU0HYsi8YQCPpqhBSx3ok4Z6MGzrR0hzJb7xPTskF-3FWIRhjajWJMzAHgTQ==\",\"School\":{\"district_id\":\"2\",\"name\":\"听涛幼儿园\",\"addr\":\"安南路\",\"contact\":\"\",\"tel\":\"\",\"logo\":\"\",\"intro\":\"\"},\"ajax\":\"school-form\"}'),(91,1,'school/school/create',0,NULL,1557906349,'{\"_csrf\":\"4unAVw72UbjkQs0GPq4gucN2H7gU0HYsi8YQCPpqhBSx3ok4Z6MGzrR0hzJb7xPTskF-3FWIRhjajWJMzAHgTQ==\",\"School\":{\"district_id\":\"2\",\"name\":\"听涛幼儿园\",\"addr\":\"安南路\",\"contact\":\"顿刚\",\"tel\":\"\",\"logo\":\"\",\"intro\":\"\"},\"ajax\":\"school-form\"}'),(92,1,'school/school/create',0,NULL,1557906354,'{\"_csrf\":\"4unAVw72UbjkQs0GPq4gucN2H7gU0HYsi8YQCPpqhBSx3ok4Z6MGzrR0hzJb7xPTskF-3FWIRhjajWJMzAHgTQ==\",\"School\":{\"district_id\":\"2\",\"name\":\"听涛幼儿园\",\"addr\":\"安南路\",\"contact\":\"顿刚\",\"tel\":\"15355498106\",\"logo\":\"\",\"intro\":\"\"},\"ajax\":\"school-form\"}'),(93,1,'school/school/create',0,NULL,1557906356,'{\"_csrf\":\"4unAVw72UbjkQs0GPq4gucN2H7gU0HYsi8YQCPpqhBSx3ok4Z6MGzrR0hzJb7xPTskF-3FWIRhjajWJMzAHgTQ==\",\"School\":{\"district_id\":\"2\",\"name\":\"听涛幼儿园\",\"addr\":\"安南路\",\"contact\":\"顿刚\",\"tel\":\"15355498106\",\"logo\":\"\",\"intro\":\"\"},\"ajax\":\"school-form\"}'),(94,1,'school/school/create',0,NULL,1557906361,'{\"_csrf\":\"4unAVw72UbjkQs0GPq4gucN2H7gU0HYsi8YQCPpqhBSx3ok4Z6MGzrR0hzJb7xPTskF-3FWIRhjajWJMzAHgTQ==\",\"School\":{\"district_id\":\"2\",\"name\":\"听涛幼儿园\",\"addr\":\"安南路\",\"contact\":\"顿刚\",\"tel\":\"15355498106\",\"logo\":\"\",\"intro\":\"测试\"},\"ajax\":\"school-form\"}'),(95,1,'school/school/create',0,NULL,1557906363,'{\"_csrf\":\"4unAVw72UbjkQs0GPq4gucN2H7gU0HYsi8YQCPpqhBSx3ok4Z6MGzrR0hzJb7xPTskF-3FWIRhjajWJMzAHgTQ==\",\"School\":{\"district_id\":\"2\",\"name\":\"听涛幼儿园\",\"addr\":\"安南路\",\"contact\":\"顿刚\",\"tel\":\"15355498106\",\"logo\":\"\",\"intro\":\"测试\"}}'),(96,1,'school/school/index',0,NULL,1557906365,'[]'),(97,1,'school/school/view',0,NULL,1557906374,'{\"id\":\"1\"}'),(98,1,'school/school/view',0,NULL,1557906384,'{\"id\":\"1\"}'),(99,1,'school/school/create',0,NULL,1557906495,'[]'),(100,1,'school/school/create',0,NULL,1557906587,'[]'),(101,1,'school/school/create',0,NULL,1557906613,'[]'),(102,1,'school/school/create',0,NULL,1557906621,'{\"_csrf\":\"2Hawjga8PwClU_on-PsDmM5OvYG8xiRZPDUXkyo4j4WLQfnhb-lodvVlsBOdujDyv3nc5f2eFG1tfmXXHFPr3A==\",\"School\":{\"name\":\"\",\"district_id\":\"2\",\"addr\":\"\",\"contact\":\"\",\"tel\":\"\",\"logo\":\"\",\"intro\":\"\"},\"ajax\":\"school-form\"}'),(103,1,'school/school/create',0,NULL,1557906635,'{\"_csrf\":\"2Hawjga8PwClU_on-PsDmM5OvYG8xiRZPDUXkyo4j4WLQfnhb-lodvVlsBOdujDyv3nc5f2eFG1tfmXXHFPr3A==\",\"School\":{\"name\":\"\",\"district_id\":\"2\",\"addr\":\"\",\"contact\":\"\",\"tel\":\"\",\"logo\":\"\",\"intro\":\"\"},\"ajax\":\"school-form\"}'),(104,1,'school/school/create',0,NULL,1557906639,'{\"_csrf\":\"2Hawjga8PwClU_on-PsDmM5OvYG8xiRZPDUXkyo4j4WLQfnhb-lodvVlsBOdujDyv3nc5f2eFG1tfmXXHFPr3A==\",\"School\":{\"name\":\"\",\"district_id\":\"2\",\"addr\":\"\",\"contact\":\"\",\"tel\":\"\",\"logo\":\"\",\"intro\":\"\"},\"ajax\":\"school-form\"}'),(105,1,'school/school/create',0,NULL,1557906762,'{\"_csrf\":\"2Hawjga8PwClU_on-PsDmM5OvYG8xiRZPDUXkyo4j4WLQfnhb-lodvVlsBOdujDyv3nc5f2eFG1tfmXXHFPr3A==\",\"School\":{\"name\":\"\",\"district_id\":\"2\",\"addr\":\"\",\"contact\":\"\",\"tel\":\"\",\"logo\":\"\",\"intro\":\"\"},\"ajax\":\"school-form\"}'),(106,1,'school/school/create',0,NULL,1557906764,'[]'),(107,1,'school/school/index',0,NULL,1557906773,'[]'),(108,1,'school/school/index',0,NULL,1557906780,'[]'),(109,1,'school/school/create',0,NULL,1557906783,'[]'),(110,1,'school/school/create',0,NULL,1557906788,'{\"_csrf\":\"IY-q1RSJT9k2I3UxtdyUt7kuKETPMsDRD5GMyIvHU9ZyuOO6fdwYr2YVPwXQnafdyBlJII5q8OVe2v6Mvaw3jw==\",\"School\":{\"name\":\"\",\"district_id\":\"2\",\"addr\":\"\",\"contact\":\"\",\"tel\":\"\",\"logo\":\"\",\"intro\":\"\"},\"ajax\":\"school-form\"}'),(111,1,'school/school/create',0,NULL,1557906791,'{\"_csrf\":\"IY-q1RSJT9k2I3UxtdyUt7kuKETPMsDRD5GMyIvHU9ZyuOO6fdwYr2YVPwXQnafdyBlJII5q8OVe2v6Mvaw3jw==\",\"School\":{\"name\":\"\",\"district_id\":\"2\",\"addr\":\"\",\"contact\":\"\",\"tel\":\"\",\"logo\":\"\",\"intro\":\"\"},\"ajax\":\"school-form\"}'),(112,1,'school/school/create',0,NULL,1557907299,'[]'),(113,1,'school/school/create',0,NULL,1557907305,'[]'),(114,1,'school/school/create',0,NULL,1557907877,'[]'),(115,1,'school/school/update',0,NULL,1557908350,'{\"id\":\"1\"}'),(116,1,'school/school/update',0,NULL,1557908357,'{\"id\":\"1\",\"_csrf\":\"_sMJ1ux7r-9tNZZEr4nzhT371PXG6YEPb0DcWDKjDkut9EC5hS74mT0D3HDKyMDvTMy1kYexsTs-C64cBMhqEg==\",\"School\":{\"name\":\"听涛幼儿园\",\"district_id\":\"2\",\"addr\":\"安南路\",\"contact\":\"顿刚\",\"tel\":\"15355498106\",\"logo\":\"\",\"intro\":\"测试\"},\"logo_crop\":\"{\\\"x\\\":99.45,\\\"y\\\":99.45,\\\"x2\\\":200.85,\\\"y2\\\":200.85,\\\"w\\\":101.39999999999999,\\\"h\\\":101.39999999999999}\",\"ajax\":\"school-form\"}'),(117,1,'school/school/update',0,NULL,1557908363,'{\"id\":\"1\",\"_csrf\":\"_sMJ1ux7r-9tNZZEr4nzhT371PXG6YEPb0DcWDKjDkut9EC5hS74mT0D3HDKyMDvTMy1kYexsTs-C64cBMhqEg==\",\"School\":{\"name\":\"听涛幼儿园\",\"district_id\":\"2\",\"addr\":\"安南路\",\"contact\":\"顿刚\",\"tel\":\"15355498106\",\"logo\":\"\",\"intro\":\"测试\"},\"logo_crop\":\"{\\\"x\\\":66.3,\\\"y\\\":40.949999999999996,\\\"x2\\\":167.7,\\\"y2\\\":142.35,\\\"w\\\":101.39999999999999,\\\"h\\\":101.39999999999999}\",\"ajax\":\"school-form\"}'),(118,1,'school/school/update',0,NULL,1557908364,'{\"id\":\"1\",\"_csrf\":\"_sMJ1ux7r-9tNZZEr4nzhT371PXG6YEPb0DcWDKjDkut9EC5hS74mT0D3HDKyMDvTMy1kYexsTs-C64cBMhqEg==\",\"School\":{\"name\":\"听涛幼儿园\",\"district_id\":\"2\",\"addr\":\"安南路\",\"contact\":\"顿刚\",\"tel\":\"15355498106\",\"logo\":\"ti1mg.jpg\",\"intro\":\"测试\"},\"logo_crop\":\"{\\\"x\\\":66.3,\\\"y\\\":40.949999999999996,\\\"x2\\\":167.7,\\\"y2\\\":142.35,\\\"w\\\":101.39999999999999,\\\"h\\\":101.39999999999999}\"}'),(119,1,'school/school/index',0,NULL,1557908366,'[]'),(120,1,'school/school/update',0,NULL,1557908370,'{\"id\":\"1\"}'),(121,1,'school/school/index',0,NULL,1557908495,'[]'),(122,1,'school/school/update',0,NULL,1557908505,'{\"id\":\"1\"}'),(123,1,'school/school/update',0,NULL,1557908953,'{\"id\":\"1\"}'),(124,1,'school/school/update',0,NULL,1557908957,'{\"id\":\"1\",\"_csrf\":\"uf4Bk51ADRfVHn_Aw7mjeyt6Lr1XhFpxpboRJlj_Yx_qyUj89BVaYYUoNfSm-JARWk1P2RbcakX08WNibpQHRg==\",\"School\":{\"name\":\"听涛幼儿园\",\"district_id\":\"2\",\"addr\":\"安南路\",\"contact\":\"顿刚\",\"tel\":\"15355498106\",\"logo\":\"\",\"intro\":\"测试\"},\"logo_crop\":\"{\\\"x\\\":100.26666666666667,\\\"y\\\":100.26666666666667,\\\"x2\\\":200.53333333333333,\\\"y2\\\":200.53333333333333,\\\"w\\\":100.26666666666667,\\\"h\\\":100.26666666666667}\",\"ajax\":\"school-form\"}'),(125,1,'school/school/update',0,NULL,1557908960,'{\"id\":\"1\",\"_csrf\":\"uf4Bk51ADRfVHn_Aw7mjeyt6Lr1XhFpxpboRJlj_Yx_qyUj89BVaYYUoNfSm-JARWk1P2RbcakX08WNibpQHRg==\",\"School\":{\"name\":\"听涛幼儿园\",\"district_id\":\"2\",\"addr\":\"安南路\",\"contact\":\"顿刚\",\"tel\":\"15355498106\",\"logo\":\"\",\"intro\":\"测试\"},\"logo_crop\":\"{\\\"x\\\":285.8666666666667,\\\"y\\\":85.33333333333333,\\\"x2\\\":386.1333333333333,\\\"y2\\\":185.6,\\\"w\\\":100.26666666666667,\\\"h\\\":100.26666666666667}\",\"ajax\":\"school-form\"}'),(126,1,'school/school/update',0,NULL,1557908962,'{\"id\":\"1\",\"_csrf\":\"uf4Bk51ADRfVHn_Aw7mjeyt6Lr1XhFpxpboRJlj_Yx_qyUj89BVaYYUoNfSm-JARWk1P2RbcakX08WNibpQHRg==\",\"School\":{\"name\":\"听涛幼儿园\",\"district_id\":\"2\",\"addr\":\"安南路\",\"contact\":\"顿刚\",\"tel\":\"15355498106\",\"logo\":\"12-1Z30H21Q3962.jpg\",\"intro\":\"测试\"},\"logo_crop\":\"{\\\"x\\\":285.8666666666667,\\\"y\\\":85.33333333333333,\\\"x2\\\":386.1333333333333,\\\"y2\\\":185.6,\\\"w\\\":100.26666666666667,\\\"h\\\":100.26666666666667}\"}'),(127,1,'school/school/update',0,NULL,1557908964,'{\"id\":\"1\"}'),(128,1,'school/school/update',0,NULL,1557909210,'{\"id\":\"1\"}'),(129,1,'school/school/update',0,NULL,1557909265,'{\"id\":\"1\",\"_csrf\":\"aw00WASOvFd3f3vKLzVlukak_GM9NMVmi4o3bcISZbM4On03bdvrISdJMf5KdFbQN5OdB3xs9VLawUUp9HkB6g==\",\"School\":{\"name\":\"听涛幼儿园\",\"district_id\":\"2\",\"addr\":\"安南路\",\"contact\":\"顿刚\",\"tel\":\"15355498106\",\"logo\":\"\",\"intro\":\"测试\"},\"logo_crop\":\"{\\\"x\\\":100.26666666666667,\\\"y\\\":100.26666666666667,\\\"x2\\\":200.53333333333333,\\\"y2\\\":200.53333333333333,\\\"w\\\":100.26666666666667,\\\"h\\\":100.26666666666667}\",\"ajax\":\"school-form\"}'),(130,1,'school/school/update',0,NULL,1557909269,'{\"id\":\"1\",\"_csrf\":\"aw00WASOvFd3f3vKLzVlukak_GM9NMVmi4o3bcISZbM4On03bdvrISdJMf5KdFbQN5OdB3xs9VLawUUp9HkB6g==\",\"School\":{\"name\":\"听涛幼儿园\",\"district_id\":\"2\",\"addr\":\"安南路\",\"contact\":\"顿刚\",\"tel\":\"15355498106\",\"logo\":\"\",\"intro\":\"测试\"},\"logo_crop\":\"{\\\"x\\\":302.93333333333334,\\\"y\\\":85.33333333333333,\\\"x2\\\":403.2,\\\"y2\\\":185.6,\\\"w\\\":100.26666666666667,\\\"h\\\":100.26666666666667}\",\"ajax\":\"school-form\"}'),(131,1,'school/school/update',0,NULL,1557909270,'{\"id\":\"1\",\"_csrf\":\"aw00WASOvFd3f3vKLzVlukak_GM9NMVmi4o3bcISZbM4On03bdvrISdJMf5KdFbQN5OdB3xs9VLawUUp9HkB6g==\",\"School\":{\"name\":\"听涛幼儿园\",\"district_id\":\"2\",\"addr\":\"安南路\",\"contact\":\"顿刚\",\"tel\":\"15355498106\",\"logo\":\"\",\"intro\":\"测试\"},\"logo_crop\":\"{\\\"x\\\":302.93333333333334,\\\"y\\\":85.33333333333333,\\\"x2\\\":403.2,\\\"y2\\\":185.6,\\\"w\\\":100.26666666666667,\\\"h\\\":100.26666666666667}\"}'),(132,1,'school/school/update',0,NULL,1557909272,'{\"id\":\"1\"}'),(133,1,'school/school/index',0,NULL,1557909323,'[]'),(134,1,'school/school/view',0,NULL,1557909735,'{\"id\":\"1\"}'),(135,1,'school/school/view',0,NULL,1557909764,'{\"id\":\"1\"}'),(136,1,'school/school/create',0,NULL,1557909841,'[]'),(137,1,'school/school/view',0,NULL,1557910240,'{\"id\":\"1\"}'),(138,1,'school/school/update',0,NULL,1557910327,'{\"id\":\"1\"}'),(139,1,'school/school/update',0,NULL,1557910346,'{\"id\":\"1\"}'),(140,1,'school/school/index',0,NULL,1557910630,'[]'),(141,1,'school/school/update',0,NULL,1557910655,'{\"id\":\"1\",\"_csrf\":\"oxR_kAra2be-yqIEuASXgOVO-fO2BUBHax6HwLufYaTwIzb_Y4-Owe786DDdRaTqlHmYl_ddcHM6VfWEjfQF_Q==\",\"School\":{\"name\":\"听涛幼儿园\",\"district_id\":\"2\",\"addr\":\"安南路\",\"contact\":\"顿刚\",\"tel\":\"15355498106\",\"logo\":\"\",\"intro\":\"测试\"},\"logo_crop\":\"\",\"ajax\":\"school-form\"}'),(142,1,'school/school/update',0,NULL,1557910657,'{\"id\":\"1\",\"_csrf\":\"oxR_kAra2be-yqIEuASXgOVO-fO2BUBHax6HwLufYaTwIzb_Y4-Owe786DDdRaTqlHmYl_ddcHM6VfWEjfQF_Q==\",\"School\":{\"name\":\"听涛幼儿园\",\"district_id\":\"2\",\"addr\":\"安南路\",\"contact\":\"顿刚\",\"tel\":\"15355498106\",\"logo\":\"\",\"intro\":\"测试\"},\"logo_crop\":\"\",\"ajax\":\"school-form\"}'),(143,1,'school/school/index',0,NULL,1557910900,'[]'),(144,1,'school/school/update',0,NULL,1557910901,'{\"id\":\"1\",\"_csrf\":\"oxR_kAra2be-yqIEuASXgOVO-fO2BUBHax6HwLufYaTwIzb_Y4-Owe786DDdRaTqlHmYl_ddcHM6VfWEjfQF_Q==\",\"School\":{\"name\":\"听涛幼儿园\",\"district_id\":\"2\",\"addr\":\"安南路\",\"contact\":\"顿刚\",\"tel\":\"15355498106\",\"logo\":\"\",\"intro\":\"测试\"},\"logo_crop\":\"\",\"ajax\":\"school-form\"}'),(145,1,'school/school/update',0,NULL,1557912091,'{\"id\":\"1\"}'),(146,1,'school/school/view',0,NULL,1557912155,'{\"id\":\"1\"}'),(147,1,'school/school/create',0,NULL,1557912202,'[]'),(148,1,'backend/default/error',0,NULL,1557912204,'{\"action\":\"config\",\"noCache\":\"1557912203600\"}'),(149,1,'school/school/index',0,NULL,1557912249,'[]'),(150,1,'school/school/create',0,NULL,1557912252,'[]'),(151,1,'backend/default/error',0,NULL,1557912254,'{\"action\":\"config\",\"noCache\":\"1557912253770\"}'),(152,1,'school/school/index',0,NULL,1557912326,'[]'),(153,1,'school/school/create',0,NULL,1557912330,'[]'),(154,1,'backend/attachment/ueditor-upload',0,NULL,1557912331,'{\"action\":\"config\",\"noCache\":\"1557912331155\"}'),(155,1,'school/school/view',0,NULL,1557912391,'{\"id\":\"1\"}'),(156,1,'school/school/update',0,NULL,1557912398,'{\"id\":\"1\"}'),(157,1,'backend/attachment/ueditor-upload',0,NULL,1557912399,'{\"action\":\"config\",\"noCache\":\"1557912399129\"}'),(158,1,'school/school/index',0,NULL,1557912404,'[]'),(159,1,'school/school/update',0,NULL,1557914653,'{\"id\":\"1\"}'),(160,1,'backend/attachment/ueditor-upload',0,NULL,1557914655,'{\"action\":\"config\",\"noCache\":\"1557914654843\"}'),(161,1,'school/school/view',0,NULL,1557914664,'{\"id\":\"1\"}'),(162,1,'school/district/index',0,NULL,1557927873,'[]'),(163,1,'school/district/update',0,NULL,1557928992,'{\"id\":\"1\"}'),(164,1,'school/district/update',0,NULL,1557929003,'{\"id\":\"2\"}'),(165,1,'school/school/index',0,NULL,1557929851,'[]'),(166,1,'school/school/index',0,NULL,1557972652,'[]'),(167,1,'school/school/index',0,NULL,1557973079,'[]'),(168,1,'school/school/index',0,NULL,1557973184,'[]'),(169,1,'school/school/index',0,NULL,1557973190,'[]'),(170,1,'school/school/index',0,NULL,1557973273,'[]'),(171,1,'school/school/index',0,NULL,1557973323,'[]'),(172,1,'school/school/index',0,NULL,1557973364,'[]'),(173,1,'school/school/index',0,NULL,1557973391,'[]'),(174,1,'school/school/index',0,NULL,1557973426,'[]'),(175,1,'school/school/index',0,NULL,1557973463,'[]'),(176,1,'school/school/index',0,NULL,1557973477,'[]'),(177,1,'school/school/index',0,NULL,1557973522,'[]'),(178,1,'school/school/index',0,NULL,1557973554,'[]'),(179,1,'school/school/index',0,NULL,1557973570,'[]'),(180,1,'school/school/index',0,NULL,1557973730,'[]'),(181,1,'school/school/index',0,NULL,1557974059,'[]'),(182,1,'school/school/index',0,NULL,1557974090,'[]'),(183,1,'school/school/index',0,NULL,1557974110,'[]'),(184,1,'school/school/index',0,NULL,1557974244,'[]'),(185,1,'school/school/index',0,NULL,1557974273,'[]'),(186,1,'school/school/index',0,NULL,1557974384,'[]'),(187,1,'school/school/index',0,NULL,1557974403,'[]'),(188,1,'school/school/index',0,NULL,1557974923,'[]'),(189,1,'school/school/index',0,NULL,1557974948,'[]'),(190,1,'school/school/index',0,NULL,1557975606,'[]'),(191,1,'school/school/index',0,NULL,1557975652,'[]'),(192,1,'school/school/index',0,NULL,1557975657,'{\"id\":\"2\"}'),(193,1,'school/school/index',0,NULL,1557975694,'[]'),(194,1,'school/school/index',0,NULL,1557975697,'[]'),(195,1,'school/school/index',0,NULL,1557975709,'[]'),(196,1,'school/school/index',0,NULL,1557975740,'[]'),(197,1,'school/school/index',0,NULL,1557975937,'[]'),(198,1,'school/school/index',0,NULL,1557976138,'{\"SchoolSearch\":{\"district_id\":\"2\"}}'),(199,1,'school/school/index',0,NULL,1557976772,'[]'),(200,1,'school/school/index',0,NULL,1557976909,'{\"SchoolSearch\":{\"district_id\":[\"2\"]}}'),(201,1,'school/district/index',0,NULL,1557976953,'[]'),(202,1,'school/district/create',0,NULL,1557976957,'[]'),(203,1,'school/district/create',0,NULL,1557976960,'{\"_csrf\":\"dYkczZqytoN_mGa9_dMJb5oO8Ba5aORGOjOavB7XBz8GzFGV19-A7QmhVNHNn2Fd73fEeNcKoC9YRKnuKLNdZw==\",\"District\":{\"pid\":\"\",\"name\":\"\",\"sort\":\"\"},\"ajax\":\"school-district-form\"}'),(204,1,'school/district/create',0,NULL,1557976962,'{\"_csrf\":\"dYkczZqytoN_mGa9_dMJb5oO8Ba5aORGOjOavB7XBz8GzFGV19-A7QmhVNHNn2Fd73fEeNcKoC9YRKnuKLNdZw==\",\"District\":{\"pid\":\"\",\"name\":\"\",\"sort\":\"\"},\"ajax\":\"school-district-form\"}'),(205,1,'school/district/create',0,NULL,1557976963,'{\"_csrf\":\"dYkczZqytoN_mGa9_dMJb5oO8Ba5aORGOjOavB7XBz8GzFGV19-A7QmhVNHNn2Fd73fEeNcKoC9YRKnuKLNdZw==\",\"District\":{\"pid\":\"1\",\"name\":\"\",\"sort\":\"\"},\"ajax\":\"school-district-form\"}'),(206,1,'school/district/create',0,NULL,1557976969,'{\"_csrf\":\"dYkczZqytoN_mGa9_dMJb5oO8Ba5aORGOjOavB7XBz8GzFGV19-A7QmhVNHNn2Fd73fEeNcKoC9YRKnuKLNdZw==\",\"District\":{\"pid\":\"1\",\"name\":\"宁波市\",\"sort\":\"\"},\"ajax\":\"school-district-form\"}'),(207,1,'school/district/create',0,NULL,1557976970,'{\"_csrf\":\"dYkczZqytoN_mGa9_dMJb5oO8Ba5aORGOjOavB7XBz8GzFGV19-A7QmhVNHNn2Fd73fEeNcKoC9YRKnuKLNdZw==\",\"District\":{\"pid\":\"1\",\"name\":\"宁波市\",\"sort\":\"2\"},\"ajax\":\"school-district-form\"}'),(208,1,'school/district/create',0,NULL,1557976972,'{\"_csrf\":\"dYkczZqytoN_mGa9_dMJb5oO8Ba5aORGOjOavB7XBz8GzFGV19-A7QmhVNHNn2Fd73fEeNcKoC9YRKnuKLNdZw==\",\"District\":{\"pid\":\"1\",\"name\":\"宁波市\",\"sort\":\"2\"}}'),(209,1,'school/district/index',0,NULL,1557976973,'[]'),(210,1,'school/school/index',0,NULL,1557976981,'[]'),(211,1,'school/school/index',0,NULL,1557977019,'[]'),(212,1,'school/school/index',0,NULL,1557977035,'{\"SchoolSearch\":{\"district_id\":[\"2\",\"3\"]}}'),(213,1,'school/school/index',0,NULL,1557977111,'[]'),(214,1,'school/school/index',0,NULL,1557977225,'[]'),(215,1,'school/school/index',0,NULL,1557977268,'{\"SchoolSearch\":{\"district_id\":\"1\"}}'),(216,1,'school/school/index',0,NULL,1557977272,'{\"SchoolSearch\":{\"district_id\":[\"2\",\"3\"]}}'),(217,1,'school/school/index',0,NULL,1557977488,'{\"SchoolSearch\":{\"district_id\":[\"2\",\"3\"]}}'),(218,1,'school/school/index',0,NULL,1557977560,'{\"SchoolSearch\":\"\"}'),(219,1,'school/school/index',0,NULL,1557977565,'[]'),(220,1,'school/school/index',0,NULL,1557977572,'[]'),(221,1,'school/school/index',0,NULL,1557977632,'{\"SchoolSearch\":{\"district_id\":[\"1\"]}}'),(222,1,'school/school/index',0,NULL,1557977670,'{\"SchoolSearch\":{\"district_id\":[\"1\"]}}'),(223,1,'school/school/create',0,NULL,1557977848,'[]'),(224,1,'backend/attachment/ueditor-upload',0,NULL,1557977849,'{\"action\":\"config\",\"noCache\":\"1557977849228\"}'),(225,1,'school/school/create',0,NULL,1557977856,'[]'),(226,1,'backend/attachment/ueditor-upload',0,NULL,1557977858,'{\"action\":\"config\",\"noCache\":\"1557977857733\"}'),(227,1,'school/school/create',0,NULL,1557977860,'{\"_csrf\":\"OdezLYlYd2QgGaTRAocxIJXWe7jh_myBJ1Zz7Gg9mcZKkv51xDVBClYglr0yy1kS4K9P1o-cKOhFIUC-XlnDng==\",\"School\":{\"name\":\"\",\"district_id\":\"2\",\"addr\":\"\",\"contact\":\"\",\"tel\":\"\",\"logo\":\"\",\"intro\":\"\"},\"logo_crop\":\"\",\"ajax\":\"school-form\"}'),(228,1,'school/school/update',0,NULL,1557983587,'{\"id\":\"1\"}'),(229,1,'school/school/index',0,NULL,1557983746,'{\"SchoolSearch\":{\"district_id\":\"2\"}}'),(230,1,'school/school/update',0,NULL,1557983750,'{\"id\":\"1\"}'),(231,1,'backend/setting/index',0,NULL,1557983890,'[]'),(232,1,'backend/setting/update',0,NULL,1557983902,'{\"name\":\"setting.category\"}'),(233,1,'backend/setting/update',0,NULL,1557983918,'{\"name\":\"setting.category\",\"_csrf\":\"aHqIewksCztcWTfvsVN6aBl3phjVCsOmituuBIo6EFcbP8UjREE9VSpgBYOBHxJabA6Sdrtoh8_orJ1WvF5KDw==\",\"Setting\":{\"category\":\"base\",\"title\":\"参数分类\",\"name\":\"setting.category\",\"val_type\":\"ASSOC\",\"value\":\"base:基本设置\\r\\nemail:邮件服务\\r\\nstorage:存储\\r\\nwechat:微信\\r\\neditor:编辑器\\r\\n\",\"hint\":\"每行代表一个关联数组元素，key:val格式\"},\"ajax\":\"sys-setting-form\"}'),(234,1,'backend/setting/update',0,NULL,1557983919,'{\"name\":\"setting.category\",\"_csrf\":\"aHqIewksCztcWTfvsVN6aBl3phjVCsOmituuBIo6EFcbP8UjREE9VSpgBYOBHxJabA6Sdrtoh8_orJ1WvF5KDw==\",\"Setting\":{\"category\":\"base\",\"title\":\"参数分类\",\"name\":\"setting.category\",\"val_type\":\"ASSOC\",\"value\":\"base:基本设置\\r\\nemail:邮件服务\\r\\nstorage:存储\\r\\nwechat:微信\\r\\neditor:编辑器\\r\\n\",\"hint\":\"每行代表一个关联数组元素，key:val格式\"}}'),(235,1,'backend/setting/index',0,NULL,1557983920,'[]'),(236,1,'backend/setting/index',0,NULL,1557983924,'{\"SettingSearch\":{\"category\":\"editor\"}}'),(237,1,'backend/setting/create',0,NULL,1557983927,'{\"Setting\":{\"category\":\"editor\"}}'),(238,1,'backend/setting/create',0,NULL,1557983968,'{\"Setting\":{\"category\":\"editor\",\"title\":\"默认编辑器\",\"name\":\"\",\"val_type\":\"\",\"value\":\"\",\"hint\":\"\"},\"_csrf\":\"xJpmoDjR3QUoXYJgHDzNDfVH5Wl2hjBNxywknJol5oK33yv4dbzra15ksAwscKU_gD7RBxjkdCSlWxfOrEG82g==\",\"ajax\":\"sys-setting-form\"}'),(239,1,'backend/setting/create',0,NULL,1557983973,'{\"Setting\":{\"category\":\"editor\",\"title\":\"默认编辑器\",\"name\":\"editor.default\",\"val_type\":\"STR\",\"value\":\"\",\"hint\":\"\"},\"_csrf\":\"xJpmoDjR3QUoXYJgHDzNDfVH5Wl2hjBNxywknJol5oK33yv4dbzra15ksAwscKU_gD7RBxjkdCSlWxfOrEG82g==\",\"ajax\":\"sys-setting-form\"}'),(240,1,'backend/setting/create',0,NULL,1557983997,'{\"Setting\":{\"category\":\"editor\",\"title\":\"默认编辑器\",\"name\":\"editor.default\",\"val_type\":\"STR\",\"value\":\"\\\\app\\\\addons\\\\ueditor\\\\widgets\\\\Ueditor\",\"hint\":\"\"},\"_csrf\":\"xJpmoDjR3QUoXYJgHDzNDfVH5Wl2hjBNxywknJol5oK33yv4dbzra15ksAwscKU_gD7RBxjkdCSlWxfOrEG82g==\",\"ajax\":\"sys-setting-form\"}'),(241,1,'backend/setting/create',0,NULL,1557984007,'{\"Setting\":{\"category\":\"editor\",\"title\":\"默认编辑器\",\"name\":\"editor.default\",\"val_type\":\"STR\",\"value\":\"\\\\app\\\\addons\\\\ueditor\\\\widgets\\\\Ueditor\",\"hint\":\"这里动态配置系统的编辑器\"},\"_csrf\":\"xJpmoDjR3QUoXYJgHDzNDfVH5Wl2hjBNxywknJol5oK33yv4dbzra15ksAwscKU_gD7RBxjkdCSlWxfOrEG82g==\",\"ajax\":\"sys-setting-form\"}'),(242,1,'backend/setting/create',0,NULL,1557984008,'{\"Setting\":{\"category\":\"editor\",\"title\":\"默认编辑器\",\"name\":\"editor.default\",\"val_type\":\"STR\",\"value\":\"\\\\app\\\\addons\\\\ueditor\\\\widgets\\\\Ueditor\",\"hint\":\"这里动态配置系统的编辑器\"},\"_csrf\":\"xJpmoDjR3QUoXYJgHDzNDfVH5Wl2hjBNxywknJol5oK33yv4dbzra15ksAwscKU_gD7RBxjkdCSlWxfOrEG82g==\",\"ajax\":\"sys-setting-form\"}'),(243,1,'backend/setting/create',0,NULL,1557984009,'{\"Setting\":{\"category\":\"editor\",\"title\":\"默认编辑器\",\"name\":\"editor.default\",\"val_type\":\"STR\",\"value\":\"\\\\app\\\\addons\\\\ueditor\\\\widgets\\\\Ueditor\",\"hint\":\"这里动态配置系统的编辑器\"},\"_csrf\":\"xJpmoDjR3QUoXYJgHDzNDfVH5Wl2hjBNxywknJol5oK33yv4dbzra15ksAwscKU_gD7RBxjkdCSlWxfOrEG82g==\"}'),(244,1,'backend/setting/index',0,NULL,1557984011,'{\"SettingSearch\":{\"category\":\"editor\"}}'),(245,1,'school/school/index',0,NULL,1557984018,'[]'),(246,1,'school/school/update',0,NULL,1557984074,'{\"id\":\"1\"}'),(247,1,'backend/setting/update',0,NULL,1557984392,'{\"name\":\"editor.default\"}'),(248,1,'school/school/update',0,NULL,1557984468,'{\"id\":\"1\"}'),(249,1,'school/school/update',0,NULL,1557984520,'{\"id\":\"1\"}'),(250,1,'backend/page/index',0,NULL,1557985942,'[]'),(251,1,'backend/page/update',0,NULL,1557985945,'{\"id\":\"1\"}'),(252,1,'backend/page/update',0,NULL,1557986088,'{\"id\":\"1\"}'),(253,1,'backend/page/update',0,NULL,1557986120,'{\"id\":\"1\"}'),(254,1,'backend/page/update',0,NULL,1557986158,'{\"id\":\"1\"}'),(255,1,'backend/default/error',0,NULL,1557986162,'{\"action\":\"config\",\"noCache\":\"1557986159483\"}'),(256,1,'backend/default/error',0,NULL,1557986188,'{\"action\":\"config\",\"noCache\":\"1557986159483\"}'),(257,1,'backend/page/update',0,NULL,1557986555,'{\"id\":\"1\"}'),(258,1,'ueditor/upload/index',0,NULL,1557986558,'{\"action\":\"config\",\"noCache\":\"1557986556868\"}'),(259,1,'backend/page/update',0,NULL,1557986628,'{\"id\":\"1\",\"_csrf\":\"2QkX8QnzlUcW1Iwz9hASn0Pq-Z7DcLq45EKKlWc-nISqTFqpRJ6jKWDtvl_GXHqtNpPN8K0S_tGGNbnHUVrG3A==\",\"Page\":{\"slug\":\"about-us\",\"pid\":\"\",\"title\":\"关于我们\",\"content\":\"<p>【杭州泛美航空国际旅行社】成立于2001年，隶属于腾邦国际（股票代码：300178），目前拥有各类专业人才100余人，公司位于杭州萧山区——博地世纪中心，杭州沿江发展中心位置。</p><p><img src=\\\"uploads/image/2019/04-10/image5cad67fd777101.50790387.jpg\\\"/></p><p><br/>泛美航空国旅是一家集国内、国际机票服务，国内、出境旅游服务为一身的综合旅行供应商，2016年销售额已突破6亿元。公司拥有数百家优质企业客户，包括阿里巴巴集团、浙江大学、绿城集团、传化物流、江南布衣等世界500强企业及知名上市公司。<br/><br/>机票板块，作为一类销售代理商，公司为中国境内所有航空公司及境外100余家国际航空公司提供国内、国际机票销售代理，并在杭州各航空公司团体机票产品销售领域中拥有优势地位，多次因出色的销售和服务能力受到各家航空公司表彰及嘉奖。<br/><br/>旅游板块，作为专业服务企事业单位的组团旅行社，我司产品涵盖省内周边游、国内长线游、各条出境游线路，同时服务客户的各类会议、活动；自2001年以来，长期服务阿里巴巴集团（包括淘宝、天猫、阿里云、蚂蚁金服）、蘑菇街、丁香园等客户公司团队旅游。<br/><br/>在“让每个员工都能在泛美实现正确的人身价值”的公司文化理念下，泛美正在续写着最辉煌的篇章，诚邀您的加盟！<br/><br/>母公司--腾邦国际（股票代码：300178）是国家商务部首批&quot;商贸服务典型企业&quot;，国家科技部“现代服务业创新发展示范企业”，深圳市高新技术企业。腾邦国际通过遍布全球的营销和服务网络，为客户提供专业商业服务解决方案，业务涵盖机票酒店、会展旅游、差旅管理、金融服务四大板块。腾邦国际总部位于深圳福田互联网金融产业园区，目前在国内各主要城市共有分子公司四十余家，国外分子机构十余个，业务布局覆盖全球。</p><p><br/></p>\",\"sort\":\"1\"},\"ajax\":\"sys-page-form\"}'),(260,1,'backend/page/update',0,NULL,1557986701,'{\"id\":\"1\"}'),(261,1,'ueditor/upload/index',0,NULL,1557986704,'{\"action\":\"config\",\"noCache\":\"1557986701964\"}'),(262,1,'backend/page/update',0,NULL,1557986727,'{\"id\":\"1\"}'),(263,1,'ueditor/upload/index',0,NULL,1557986730,'{\"action\":\"config\",\"noCache\":\"1557986728451\"}'),(264,1,'ueditor/upload/index',0,NULL,1557986744,'{\"action\":\"uploadimage\",\"encode\":\"utf-8\",\"id\":\"WU_FILE_0\",\"name\":\"timg.jpg\",\"type\":\"image/jpeg\",\"lastModifiedDate\":\"2019/5/16 下午2:05:40\",\"size\":\"83647\"}'),(265,1,'school/school/index',0,NULL,1557987949,'[]'),(266,1,'school/school/update',0,NULL,1557987952,'{\"id\":\"1\"}'),(267,1,'ueditor/upload/index',0,NULL,1557987953,'{\"action\":\"config\",\"noCache\":\"1557987953492\"}'),(268,1,'school/admin/index',0,NULL,1557994600,'[]'),(269,1,'school/admin/index',0,NULL,1557994990,'[]'),(270,1,'school/admin/index',0,NULL,1557995029,'[]'),(271,1,'school/admin/index',0,NULL,1557995233,'[]'),(272,1,'school/admin/index',0,NULL,1557995271,'[]'),(273,1,'school/admin/index',0,NULL,1557995323,'[]'),(274,1,'school/admin/index',0,NULL,1557995355,'[]'),(275,1,'school/admin/index',0,NULL,1557995430,'[]'),(276,1,'school/admin/index',0,NULL,1557995525,'[]'),(277,1,'school/admin/index',0,NULL,1557995528,'[]'),(278,1,'school/admin/create',0,NULL,1557995920,'[]'),(279,1,'school/admin/create',0,NULL,1557995935,'[]'),(280,1,'school/admin/create',0,NULL,1557995944,'[]'),(281,1,'school/admin/index',0,NULL,1557995955,'[]'),(282,1,'school/admin/create',0,NULL,1557995958,'[]'),(283,1,'school/admin/index',0,NULL,1557996055,'[]'),(284,1,'school/admin/index',0,NULL,1557996118,'[]'),(285,1,'school/admin/index',0,NULL,1557996182,'[]'),(286,1,'school/admin/index',0,NULL,1557996203,'[]'),(287,1,'school/admin/create',0,NULL,1557997608,'[]'),(288,1,'school/school/index',0,NULL,1557997998,'[]'),(289,1,'school/school/index',0,NULL,1557998013,'[]'),(290,1,'school/admin/index',0,NULL,1557998016,'{\"AdminUserSearch\":{\"school_id\":\"1\"},\"_pjax\":\"#school-index\"}'),(291,1,'school/admin/index',0,NULL,1557998017,'{\"AdminUserSearch\":{\"school_id\":\"1\"}}'),(292,1,'school/admin/index',0,NULL,1557998191,'{\"AdminUserSearch\":{\"school_id\":\"1\"}}'),(293,1,'school/admin/index',0,NULL,1557998239,'{\"AdminUserSearch\":{\"school_id\":\"1\"}}'),(294,1,'school/admin/index',0,NULL,1557998298,'{\"AdminUserSearch\":{\"school_id\":\"1\"}}'),(295,1,'school/admin/index',0,NULL,1557998316,'{\"AdminUserSearch\":{\"school_id\":\"1\"}}'),(296,1,'school/admin/create',0,NULL,1557999019,'{\"AdminUser\":{\"school_id\":\"1\"}}'),(297,1,'school/admin/create',0,NULL,1557999037,'{\"AdminUser\":{\"school_id\":\"1\"}}'),(298,1,'school/admin/create',0,NULL,1558001576,'{\"AdminUser\":{\"school_id\":\"1\"}}'),(299,1,'school/admin/create',0,NULL,1558001593,'{\"AdminUser\":{\"school_id\":\"1\"}}'),(300,1,'school/admin/create',0,NULL,1558001616,'{\"AdminUser\":{\"school_id\":\"1\"}}'),(301,1,'school/admin/create',0,NULL,1558001630,'{\"AdminUser\":{\"school_id\":\"1\",\"username\":\"jackliu\",\"nick_name\":\"\",\"password\":\"\",\"email\":\"\",\"mobile\":\"\",\"status\":\"0\"},\"_csrf\":\"ULO07diwf-kSfNZF1eT92GgpTJOqBRG6D_xxrZ5fcmoj9vm1ld1Jh2RF5CnlqJXqHVB4_cRnVdNti0L_qDsoMg==\",\"ajax\":\"admin-form\"}'),(302,1,'school/admin/create',0,NULL,1558001641,'{\"AdminUser\":{\"school_id\":\"1\",\"username\":\"jackliu\",\"nick_name\":\"\",\"password\":\"\",\"email\":\"jeckliu@nda.com\",\"mobile\":\"\",\"status\":\"0\"},\"_csrf\":\"ULO07diwf-kSfNZF1eT92GgpTJOqBRG6D_xxrZ5fcmoj9vm1ld1Jh2RF5CnlqJXqHVB4_cRnVdNti0L_qDsoMg==\",\"ajax\":\"admin-form\"}'),(303,1,'school/admin/create',0,NULL,1558001649,'{\"AdminUser\":{\"school_id\":\"1\",\"username\":\"jackliu\",\"nick_name\":\"刘德华\",\"password\":\"\",\"email\":\"jeckliu@nda.com\",\"mobile\":\"\",\"status\":\"0\"},\"_csrf\":\"ULO07diwf-kSfNZF1eT92GgpTJOqBRG6D_xxrZ5fcmoj9vm1ld1Jh2RF5CnlqJXqHVB4_cRnVdNti0L_qDsoMg==\",\"ajax\":\"admin-form\"}'),(304,1,'school/admin/create',0,NULL,1558001655,'{\"AdminUser\":{\"school_id\":\"1\",\"username\":\"jackliu\",\"nick_name\":\"刘德华\",\"password\":\"\",\"email\":\"jeckliu@nda.com\",\"mobile\":\"15355498107\",\"status\":\"0\"},\"_csrf\":\"ULO07diwf-kSfNZF1eT92GgpTJOqBRG6D_xxrZ5fcmoj9vm1ld1Jh2RF5CnlqJXqHVB4_cRnVdNti0L_qDsoMg==\",\"ajax\":\"admin-form\"}'),(305,1,'school/admin/create',0,NULL,1558001663,'{\"AdminUser\":{\"school_id\":\"1\",\"username\":\"jackliu\",\"nick_name\":\"刘德华\",\"password\":\"jk123456\",\"email\":\"jeckliu@nda.com\",\"mobile\":\"15355498107\",\"status\":\"0\"},\"_csrf\":\"ULO07diwf-kSfNZF1eT92GgpTJOqBRG6D_xxrZ5fcmoj9vm1ld1Jh2RF5CnlqJXqHVB4_cRnVdNti0L_qDsoMg==\",\"ajax\":\"admin-form\"}'),(306,1,'school/admin/create',0,NULL,1558001665,'{\"AdminUser\":{\"school_id\":\"1\",\"username\":\"jackliu\",\"nick_name\":\"刘德华\",\"password\":\"jk123456\",\"email\":\"jeckliu@nda.com\",\"mobile\":\"15355498107\",\"status\":\"10\"},\"_csrf\":\"ULO07diwf-kSfNZF1eT92GgpTJOqBRG6D_xxrZ5fcmoj9vm1ld1Jh2RF5CnlqJXqHVB4_cRnVdNti0L_qDsoMg==\",\"ajax\":\"admin-form\"}'),(307,1,'school/admin/create',0,NULL,1558001667,'{\"AdminUser\":{\"school_id\":\"1\",\"username\":\"jackliu\",\"nick_name\":\"刘德华\",\"password\":\"jk123456\",\"email\":\"jeckliu@nda.com\",\"mobile\":\"15355498107\",\"status\":\"10\"},\"_csrf\":\"ULO07diwf-kSfNZF1eT92GgpTJOqBRG6D_xxrZ5fcmoj9vm1ld1Jh2RF5CnlqJXqHVB4_cRnVdNti0L_qDsoMg==\",\"ajax\":\"admin-form\"}'),(308,1,'backend/default/error',0,NULL,1558001670,'{\"AdminUser\":{\"school_id\":\"1\",\"username\":\"jackliu\",\"nick_name\":\"刘德华\",\"password\":\"jk123456\",\"email\":\"jeckliu@nda.com\",\"mobile\":\"15355498107\",\"status\":\"10\"},\"_csrf\":\"ULO07diwf-kSfNZF1eT92GgpTJOqBRG6D_xxrZ5fcmoj9vm1ld1Jh2RF5CnlqJXqHVB4_cRnVdNti0L_qDsoMg==\"}'),(309,1,'school/admin/create',0,NULL,1558001734,'{\"AdminUser\":{\"school_id\":\"1\",\"username\":\"jackliu\",\"nick_name\":\"刘德华\",\"password\":\"jk123456\",\"email\":\"jeckliu@nda.com\",\"mobile\":\"15355498107\",\"status\":\"10\"},\"_csrf\":\"ULO07diwf-kSfNZF1eT92GgpTJOqBRG6D_xxrZ5fcmoj9vm1ld1Jh2RF5CnlqJXqHVB4_cRnVdNti0L_qDsoMg==\"}'),(310,1,'school/admin/index',0,NULL,1558001736,'{\"AdminUserSearch\":{\"school_id\":\"1\"}}'),(311,1,'school/admin/create',0,NULL,1558002019,'{\"AdminUser\":{\"school_id\":\"1\"}}'),(312,1,'school/admin/create',0,NULL,1558002028,'{\"AdminUser\":{\"school_id\":\"1\",\"username\":\"andy.liu\",\"nick_name\":\"\",\"password\":\"\",\"email\":\"\",\"mobile\":\"\",\"status\":\"0\"},\"_csrf\":\"3mhlFQM6HmGCGgVARdc0OyjoeW5LtlhBfgQaqJK6xi-tLShNTlcoD_QjNyx1m1wJXZFNACXUHCgccyn6pN6cdw==\",\"ajax\":\"admin-form\"}'),(313,1,'school/admin/create',0,NULL,1558002032,'{\"AdminUser\":{\"school_id\":\"1\",\"username\":\"andy.liu\",\"nick_name\":\"\",\"password\":\"\",\"email\":\"\",\"mobile\":\"\",\"status\":\"0\"},\"_csrf\":\"3mhlFQM6HmGCGgVARdc0OyjoeW5LtlhBfgQaqJK6xi-tLShNTlcoD_QjNyx1m1wJXZFNACXUHCgccyn6pN6cdw==\",\"ajax\":\"admin-form\"}'),(314,1,'school/admin/create',0,NULL,1558002036,'{\"AdminUser\":{\"school_id\":\"1\",\"username\":\"andy.liu\",\"nick_name\":\"\",\"password\":\"\",\"email\":\"andy.liu@ndabooking.com\",\"mobile\":\"\",\"status\":\"0\"},\"_csrf\":\"3mhlFQM6HmGCGgVARdc0OyjoeW5LtlhBfgQaqJK6xi-tLShNTlcoD_QjNyx1m1wJXZFNACXUHCgccyn6pN6cdw==\",\"ajax\":\"admin-form\"}'),(315,1,'school/admin/create',0,NULL,1558002042,'{\"AdminUser\":{\"school_id\":\"1\",\"username\":\"andy.liu\",\"nick_name\":\"张红霞\",\"password\":\"\",\"email\":\"andy.liu@ndabooking.com\",\"mobile\":\"\",\"status\":\"0\"},\"_csrf\":\"3mhlFQM6HmGCGgVARdc0OyjoeW5LtlhBfgQaqJK6xi-tLShNTlcoD_QjNyx1m1wJXZFNACXUHCgccyn6pN6cdw==\",\"ajax\":\"admin-form\"}'),(316,1,'school/admin/create',0,NULL,1558002046,'{\"AdminUser\":{\"school_id\":\"1\",\"username\":\"andy.liu\",\"nick_name\":\"张红霞\",\"password\":\"\",\"email\":\"andy.liu@ndabooking.com\",\"mobile\":\"15355498109\",\"status\":\"0\"},\"_csrf\":\"3mhlFQM6HmGCGgVARdc0OyjoeW5LtlhBfgQaqJK6xi-tLShNTlcoD_QjNyx1m1wJXZFNACXUHCgccyn6pN6cdw==\",\"ajax\":\"admin-form\"}'),(317,1,'school/admin/create',0,NULL,1558002053,'{\"AdminUser\":{\"school_id\":\"1\",\"username\":\"andy.liu\",\"nick_name\":\"张红霞\",\"password\":\"dg123456\",\"email\":\"andy.liu@ndabooking.com\",\"mobile\":\"15355498109\",\"status\":\"0\"},\"_csrf\":\"3mhlFQM6HmGCGgVARdc0OyjoeW5LtlhBfgQaqJK6xi-tLShNTlcoD_QjNyx1m1wJXZFNACXUHCgccyn6pN6cdw==\",\"ajax\":\"admin-form\"}'),(318,1,'school/admin/create',0,NULL,1558002055,'{\"AdminUser\":{\"school_id\":\"1\",\"username\":\"andy.liu\",\"nick_name\":\"张红霞\",\"password\":\"dg123456\",\"email\":\"andy.liu@ndabooking.com\",\"mobile\":\"15355498109\",\"status\":\"10\"},\"_csrf\":\"3mhlFQM6HmGCGgVARdc0OyjoeW5LtlhBfgQaqJK6xi-tLShNTlcoD_QjNyx1m1wJXZFNACXUHCgccyn6pN6cdw==\",\"ajax\":\"admin-form\"}'),(319,1,'school/admin/create',0,NULL,1558002057,'{\"AdminUser\":{\"school_id\":\"1\",\"username\":\"andy.liu\",\"nick_name\":\"张红霞\",\"password\":\"dg123456\",\"email\":\"andy.liu@ndabooking.com\",\"mobile\":\"15355498109\",\"status\":\"10\"},\"_csrf\":\"3mhlFQM6HmGCGgVARdc0OyjoeW5LtlhBfgQaqJK6xi-tLShNTlcoD_QjNyx1m1wJXZFNACXUHCgccyn6pN6cdw==\",\"ajax\":\"admin-form\"}'),(320,1,'school/admin/create',0,NULL,1558002060,'{\"AdminUser\":{\"school_id\":\"1\",\"username\":\"andy.liu\",\"nick_name\":\"张红霞\",\"password\":\"dg123456\",\"email\":\"andy.liu@ndabooking.com\",\"mobile\":\"15355498109\",\"status\":\"10\"},\"_csrf\":\"3mhlFQM6HmGCGgVARdc0OyjoeW5LtlhBfgQaqJK6xi-tLShNTlcoD_QjNyx1m1wJXZFNACXUHCgccyn6pN6cdw==\"}'),(321,1,'school/admin/index',0,NULL,1558002428,'{\"AdminUserSearch\":{\"school_id\":\"1\"}}'),(322,1,'school/admin/update',0,NULL,1558002442,'{\"id\":\"12\"}'),(323,1,'school/admin/update',0,NULL,1558002449,'{\"id\":\"12\"}'),(324,1,'school/admin/view',0,NULL,1558002453,'{\"id\":\"12\"}'),(325,1,'school/admin/index',0,NULL,1558002487,'{\"AdminUserSearch\":{\"school_id\":\"1\"}}'),(326,1,'school/admin/index',0,NULL,1558002519,'{\"AdminUserSearch\":{\"school_id\":\"1\"}}'),(327,1,'school/admin/update',0,NULL,1558002524,'{\"id\":\"12\"}'),(328,1,'school/admin/index',0,NULL,1558002548,'{\"AdminUserSearch\":{\"school_id\":\"1\"}}'),(329,1,'school/admin/index',0,NULL,1558002562,'{\"AdminUserSearch\":{\"school_id\":\"1\"}}'),(330,1,'school/admin/update',0,NULL,1558002810,'{\"id\":\"12\"}'),(331,1,'school/admin/update',0,NULL,1558002813,'{\"id\":\"12\",\"_csrf\":\"Xfv7OFg1yeapVaI6kkl_djCNlxlJvBhhBTF0adgRUpEuvrZgFVj_iN9skFaiBRdERfSjdyfeXAhnRkc77nUIyQ==\",\"AdminUser\":{\"username\":\"andy.liu\",\"nick_name\":\"张红霞\",\"password\":\"\",\"email\":\"andy.liu@ndabooking.com\",\"mobile\":\"15355498109\",\"status\":\"10\"},\"ajax\":\"admin-form\"}'),(332,1,'school/admin/update',0,NULL,1558002815,'{\"id\":\"12\",\"_csrf\":\"Xfv7OFg1yeapVaI6kkl_djCNlxlJvBhhBTF0adgRUpEuvrZgFVj_iN9skFaiBRdERfSjdyfeXAhnRkc77nUIyQ==\",\"AdminUser\":{\"username\":\"andy.liu\",\"nick_name\":\"张红霞\",\"password\":\"\",\"email\":\"andy.liu@ndabooking.com\",\"mobile\":\"15355498109\",\"status\":\"10\"}}'),(333,1,'school/admin/update',0,NULL,1558002936,'{\"id\":\"12\",\"_csrf\":\"tzBqJ-HfvysG3OKXjy_C5a8VV8s7pEDc8sI_JiyRPfrEdSd_rLKJRXDl0Pu_Y6rX2mxjpVXGBLWQtQx0GvVnog==\",\"AdminUser\":{\"username\":\"andy.liu\",\"nick_name\":\"张红霞\",\"password\":\"\",\"email\":\"andy.liu@ndabooking.com\",\"mobile\":\"15355498109\",\"status\":\"10\"},\"ajax\":\"admin-form\"}'),(334,1,'school/admin/update',0,NULL,1558002937,'{\"id\":\"12\",\"_csrf\":\"tzBqJ-HfvysG3OKXjy_C5a8VV8s7pEDc8sI_JiyRPfrEdSd_rLKJRXDl0Pu_Y6rX2mxjpVXGBLWQtQx0GvVnog==\",\"AdminUser\":{\"username\":\"andy.liu\",\"nick_name\":\"张红霞\",\"password\":\"\",\"email\":\"andy.liu@ndabooking.com\",\"mobile\":\"15355498109\",\"status\":\"10\"}}'),(335,1,'school/admin/update',0,NULL,1558002954,'{\"id\":\"12\",\"_csrf\":\"mY7cE5Dk_V4r86ZZrMblie169Noiyit5KFL0d7cQ997qy5FL3YnLMF3KlDWcio27mAPAtEyobxBKJcclgXSthg==\",\"AdminUser\":{\"username\":\"andy.liu\",\"nick_name\":\"张红霞1\",\"password\":\"\",\"email\":\"andy.liu@ndabooking.com\",\"mobile\":\"15355498109\",\"status\":\"10\"},\"ajax\":\"admin-form\"}'),(336,1,'school/admin/update',0,NULL,1558002955,'{\"id\":\"12\",\"_csrf\":\"mY7cE5Dk_V4r86ZZrMblie169Noiyit5KFL0d7cQ997qy5FL3YnLMF3KlDWcio27mAPAtEyobxBKJcclgXSthg==\",\"AdminUser\":{\"username\":\"andy.liu\",\"nick_name\":\"张红霞1\",\"password\":\"\",\"email\":\"andy.liu@ndabooking.com\",\"mobile\":\"15355498109\",\"status\":\"10\"}}'),(337,1,'school/admin/update',0,NULL,1558002981,'{\"id\":\"12\",\"_csrf\":\"_blaK7MCwIcgZ5xyxP6rBrxt37f4yELxLm_qxDbuXZeO_Bdz_m_26VZerh70ssM0yRTr2ZaqBphMGNmWAIoHzw==\",\"AdminUser\":{\"username\":\"andy.liu\",\"nick_name\":\"张红霞1\",\"password\":\"\",\"email\":\"andy.liu@ndabooking.com\",\"mobile\":\"15355498109\",\"status\":\"10\"},\"ajax\":\"admin-form\"}'),(338,1,'school/admin/update',0,NULL,1558002982,'{\"id\":\"12\",\"_csrf\":\"_blaK7MCwIcgZ5xyxP6rBrxt37f4yELxLm_qxDbuXZeO_Bdz_m_26VZerh70ssM0yRTr2ZaqBphMGNmWAIoHzw==\",\"AdminUser\":{\"username\":\"andy.liu\",\"nick_name\":\"张红霞1\",\"password\":\"\",\"email\":\"andy.liu@ndabooking.com\",\"mobile\":\"15355498109\",\"status\":\"10\"}}'),(339,1,'school/admin/update',0,NULL,1558003051,'{\"id\":\"12\",\"_csrf\":\"JV3_ywiuTjbjQy-INs6KXMAqE0N2q6gGlk5eeU6Bi0JWGLKTRcN4WJV6HeQGguJutVMnLRjJ7G_0OW0reOXRGg==\",\"AdminUser\":{\"username\":\"andy.liu\",\"nick_name\":\"张红霞1\",\"password\":\"\",\"email\":\"andy.liu@ndabooking.com\",\"mobile\":\"15355498109\",\"status\":\"10\"},\"ajax\":\"admin-form\"}'),(340,1,'school/admin/update',0,NULL,1558003053,'{\"id\":\"12\",\"_csrf\":\"JV3_ywiuTjbjQy-INs6KXMAqE0N2q6gGlk5eeU6Bi0JWGLKTRcN4WJV6HeQGguJutVMnLRjJ7G_0OW0reOXRGg==\",\"AdminUser\":{\"username\":\"andy.liu\",\"nick_name\":\"张红霞1\",\"password\":\"\",\"email\":\"andy.liu@ndabooking.com\",\"mobile\":\"15355498109\",\"status\":\"10\"}}'),(341,1,'school/admin/update',0,NULL,1558003271,'{\"id\":\"12\",\"_csrf\":\"JV3_ywiuTjbjQy-INs6KXMAqE0N2q6gGlk5eeU6Bi0JWGLKTRcN4WJV6HeQGguJutVMnLRjJ7G_0OW0reOXRGg==\",\"AdminUser\":{\"username\":\"andy.liu\",\"nick_name\":\"张红霞1\",\"password\":\"\",\"email\":\"andy.liu@ndabooking.com\",\"mobile\":\"15355498109\",\"status\":\"10\"}}'),(342,1,'school/admin/update',0,NULL,1558003306,'{\"id\":\"12\",\"_csrf\":\"JV3_ywiuTjbjQy-INs6KXMAqE0N2q6gGlk5eeU6Bi0JWGLKTRcN4WJV6HeQGguJutVMnLRjJ7G_0OW0reOXRGg==\",\"AdminUser\":{\"username\":\"andy.liu\",\"nick_name\":\"张红霞1\",\"password\":\"\",\"email\":\"andy.liu@ndabooking.com\",\"mobile\":\"15355498109\",\"status\":\"10\"}}'),(343,1,'school/admin/update',0,NULL,1558003317,'{\"id\":\"12\"}'),(344,1,'school/school/index',0,NULL,1558003337,'[]'),(345,1,'school/school/index',0,NULL,1558003378,'[]'),(346,1,'school/admin/index',0,NULL,1558003385,'{\"AdminUserSearch\":{\"school_id\":\"1\"},\"_pjax\":\"#school-index\"}'),(347,1,'school/admin/index',0,NULL,1558003387,'{\"AdminUserSearch\":{\"school_id\":\"1\"}}'),(348,1,'school/admin/create',0,NULL,1558003390,'{\"AdminUser\":{\"school_id\":\"1\"}}'),(349,1,'school/admin/update',0,NULL,1558003395,'{\"id\":\"12\"}'),(350,1,'school/admin/update',0,NULL,1558003401,'{\"id\":\"12\",\"_csrf\":\"hNgmVuTh2JOaEWXPtLyOxdEebcQE55fK3ARwK_s0gfT3nWsOqYzu_ewoV6OE8Ob3pGdZqmqF06O-c0N5zVDbrA==\",\"AdminUser\":{\"username\":\"andy.liu\",\"nick_name\":\"张红霞\",\"password\":\"\",\"email\":\"andy.liu@ndabooking.com\",\"mobile\":\"15355498109\",\"status\":\"10\"},\"ajax\":\"admin-form\"}'),(351,1,'school/admin/update',0,NULL,1558003403,'{\"id\":\"12\",\"_csrf\":\"hNgmVuTh2JOaEWXPtLyOxdEebcQE55fK3ARwK_s0gfT3nWsOqYzu_ewoV6OE8Ob3pGdZqmqF06O-c0N5zVDbrA==\",\"AdminUser\":{\"username\":\"andy.liu\",\"nick_name\":\"张红霞\",\"password\":\"\",\"email\":\"andy.liu@ndabooking.com\",\"mobile\":\"15355498109\",\"status\":\"10\"}}'),(352,1,'school/admin/index',0,NULL,1558003405,'{\"AdminUserSearch\":{\"school_id\":\"1\"}}'),(353,1,'backend/profile/index',0,NULL,1558003436,'[]'),(354,1,'backend/user/index',0,NULL,1558003453,'[]'),(355,1,'backend/auth-role/index',0,NULL,1558003454,'[]'),(356,1,'backend/auth-role/index',0,NULL,1558003458,'{\"AuthRoleSearch\":{\"group_name\":\"frontend\"}}'),(357,1,'backend/auth-role/index',0,NULL,1558003463,'{\"AuthRoleSearch\":{\"group_name\":\"backend\"}}'),(358,1,'backend/auth-role/create',0,NULL,1558003472,'{\"AuthRole\":{\"group_name\":\"backend\"}}'),(359,1,'backend/auth-role/create',0,NULL,1558003482,'{\"AuthRole\":{\"group_name\":\"backend\",\"name\":\"学校管理员\",\"description\":\"\"},\"_csrf\":\"Q-bVQWG5ONLBVq-pmNr1VWDSY9eLDxcU-mjzxUil3nIwo5gZLNQOvLdvncWolp1nFatXueVtU32YH8CXfsGEKg==\",\"ajax\":\"auth-role-form\"}'),(360,1,'backend/auth-role/create',0,NULL,1558003507,'{\"AuthRole\":{\"group_name\":\"backend\",\"name\":\"学校管理员\",\"description\":\"每个学校一个管理员账号，有学校本部人负责\"},\"_csrf\":\"Q-bVQWG5ONLBVq-pmNr1VWDSY9eLDxcU-mjzxUil3nIwo5gZLNQOvLdvncWolp1nFatXueVtU32YH8CXfsGEKg==\",\"ajax\":\"auth-role-form\"}'),(361,1,'backend/auth-role/create',0,NULL,1558003509,'{\"AuthRole\":{\"group_name\":\"backend\",\"name\":\"学校管理员\",\"description\":\"每个学校一个管理员账号，有学校本部人负责\"},\"_csrf\":\"Q-bVQWG5ONLBVq-pmNr1VWDSY9eLDxcU-mjzxUil3nIwo5gZLNQOvLdvncWolp1nFatXueVtU32YH8CXfsGEKg==\"}'),(362,1,'backend/auth-role/index',0,NULL,1558003510,'{\"AuthRoleSearch\":{\"group_name\":\"backend\"}}'),(363,1,'backend/auth-role/permission',0,NULL,1558003514,'{\"name\":\"学校管理员\",\"group_name\":\"backend\",\"_pjax\":\"#role-index\"}'),(364,1,'backend/auth-role/permission',0,NULL,1558003515,'{\"name\":\"学校管理员\",\"group_name\":\"backend\"}'),(365,1,'backend/user/index',0,NULL,1558003534,'[]'),(366,1,'backend/user/view',0,NULL,1558003538,'{\"id\":\"1\"}'),(367,1,'backend/user/update',0,NULL,1558003541,'{\"id\":\"1\"}'),(368,1,'backend/default/index',0,NULL,1558003828,'[]'),(369,1,'backend/auth-group/index',0,NULL,1558003838,'[]'),(370,1,'backend/auth-group/permission',0,NULL,1558003855,'{\"AuthPermissionSearch\":{\"group_name\":\"backend\",\"type\":\"1\"}}'),(371,1,'backend/auth-group/index',0,NULL,1558003859,'[]'),(372,1,'backend/auth-group/index',0,NULL,1558003864,'{\"AuthGroupSearch\":{\"type\":\"2\"}}'),(373,1,'backend/auth-group/create',0,NULL,1558003875,'{\"AuthGroup\":{\"type\":\"2\"}}'),(374,1,'backend/auth-group/create',0,NULL,1558003910,'{\"AuthGroup\":{\"type\":\"2\",\"title\":\"校园管理\",\"name\":\"\",\"is_backend\":\"0\"},\"_csrf\":\"VOfrUPBFIQb5fZxHMAXdfFH3qbgYPOfJGJNiOsirUK0biNIipQFkTopLz3cESqsOGY3q6GFjgKVcvlRzh-0G-w==\",\"ajax\":\"auth-group-form\"}'),(375,1,'backend/auth-group/index',0,NULL,1558003913,'{\"AuthGroupSearch\":{\"type\":\"1\"}}'),(376,1,'backend/auth-group/permission',0,NULL,1558003917,'{\"AuthPermissionSearch\":{\"group_name\":\"frontend\",\"type\":\"1\"}}'),(377,1,'backend/auth-group/index',0,NULL,1558003921,'{\"AuthGroupSearch\":{\"type\":\"1\"}}'),(378,1,'backend/auth-group/index',0,NULL,1558003926,'{\"AuthGroupSearch\":{\"type\":\"2\"}}'),(379,1,'backend/auth-group/create',0,NULL,1558003944,'{\"AuthGroup\":{\"type\":\"2\"}}'),(380,1,'backend/auth-group/create',0,NULL,1558003962,'{\"AuthGroup\":{\"type\":\"2\",\"title\":\"校园管理\",\"name\":\"\",\"is_backend\":\"0\"},\"_csrf\":\"iakOmT_6oUYy8_yd7KBNd2fNBqCq_XFWFTqgUvNxvz7Gxjfrar7kDkHFr63Y7zsFL7dF8NOiFjpRF5YbvDfpaA==\",\"ajax\":\"auth-group-form\"}'),(381,1,'backend/auth-group/create',0,NULL,1558003982,'{\"AuthGroup\":{\"type\":\"2\",\"title\":\"校园管理\",\"name\":\"school-manage\",\"is_backend\":\"0\"},\"_csrf\":\"iakOmT_6oUYy8_yd7KBNd2fNBqCq_XFWFTqgUvNxvz7Gxjfrar7kDkHFr63Y7zsFL7dF8NOiFjpRF5YbvDfpaA==\",\"ajax\":\"auth-group-form\"}'),(382,1,'backend/auth-group/create',0,NULL,1558003983,'{\"AuthGroup\":{\"type\":\"2\",\"title\":\"校园管理\",\"name\":\"school-manage\",\"is_backend\":\"0\"},\"_csrf\":\"iakOmT_6oUYy8_yd7KBNd2fNBqCq_XFWFTqgUvNxvz7Gxjfrar7kDkHFr63Y7zsFL7dF8NOiFjpRF5YbvDfpaA==\"}'),(383,1,'backend/auth-group/index',0,NULL,1558003985,'{\"AuthGroupSearch\":{\"type\":\"2\"}}'),(384,1,'backend/auth-group/index',0,NULL,1558003990,'{\"AuthGroupSearch\":{\"type\":\"1\"}}'),(385,1,'backend/auth-role/index',0,NULL,1558003996,'[]'),(386,1,'backend/auth-role/update',0,NULL,1558004000,'{\"name\":\"学校管理员\"}'),(387,1,'backend/auth-role/update',0,NULL,1558004003,'{\"name\":\"学校管理员\",\"_csrf\":\"Rx_qFpqnNUDL-0E4ZwtXZF7DxuMz0Gg_2jAxrb6DeAcIcNNkz-NwCLjNEghTRCEWFrmFs0qPD1OeHQfk8cUuUQ==\",\"AuthRole\":{\"group_name\":\"frontend\",\"name\":\"学校管理员\",\"description\":\"每个学校一个管理员账号，有学校本部人负责\"},\"ajax\":\"auth-role-form\"}'),(388,1,'backend/auth-role/update',0,NULL,1558004004,'{\"name\":\"学校管理员\",\"_csrf\":\"Rx_qFpqnNUDL-0E4ZwtXZF7DxuMz0Gg_2jAxrb6DeAcIcNNkz-NwCLjNEghTRCEWFrmFs0qPD1OeHQfk8cUuUQ==\",\"AuthRole\":{\"group_name\":\"frontend\",\"name\":\"学校管理员\",\"description\":\"每个学校一个管理员账号，有学校本部人负责\"},\"ajax\":\"auth-role-form\"}'),(389,1,'backend/auth-role/update',0,NULL,1558004006,'{\"name\":\"学校管理员\",\"_csrf\":\"Rx_qFpqnNUDL-0E4ZwtXZF7DxuMz0Gg_2jAxrb6DeAcIcNNkz-NwCLjNEghTRCEWFrmFs0qPD1OeHQfk8cUuUQ==\",\"AuthRole\":{\"group_name\":\"frontend\",\"name\":\"学校管理员\",\"description\":\"每个学校一个管理员账号，有学校本部人负责\"}}'),(390,1,'backend/auth-role/index',0,NULL,1558004007,'[]'),(391,1,'backend/profile/index',0,NULL,1558004021,'[]'),(392,1,'backend/auth-group/index',0,NULL,1558004035,'[]'),(393,1,'backend/auth-permission/index',0,NULL,1558004039,'[]'),(394,1,'backend/auth-permission/index',0,NULL,1558004045,'{\"is_backend\":\"1\"}'),(395,1,'backend/auth-permission/index',0,NULL,1558004054,'{\"is_backend\":\"1\"}'),(396,1,'backend/auth-permission/create',0,NULL,1558004060,'[]'),(397,1,'backend/auth-permission/create',0,NULL,1558004095,'[]'),(398,1,'backend/auth-permission/create',0,NULL,1558004144,'{\"_csrf\":\"RyDuULGKHchZD01DSQWzc9uNpT05DCc3pwwG2uSou44IT9ci5M5YgCo5HnN9SsUBk_fmbUBTQFvjITCTq-7t2A==\",\"AuthPermission\":{\"name\":\"\",\"child\":\"\",\"description\":\"\",\"rule_name\":\"\"},\"ajax\":\"auth-permission-form\"}'),(399,1,'backend/auth-permission/index',0,NULL,1558004147,'{\"is_backend\":\"1\"}'),(400,1,'backend/auth-permission/index',0,NULL,1558004152,'{\"is_backend\":\"0\"}'),(401,1,'backend/auth-permission/create',0,NULL,1558004155,'[]'),(402,1,'backend/auth-permission/create',0,NULL,1558004201,'{\"_csrf\":\"g6NOzkVCggKXbinOSD2kN6WqV_Ix6EUw36_2Q93N0rTMzHe8EAbHSuRYev58ctJF7dAUoki3IlybgsAKkouE4g==\",\"AuthPermission\":{\"name\":\"/school/student/index\",\"child\":\"\",\"description\":\"\",\"rule_name\":\"\"},\"ajax\":\"auth-permission-form\"}'),(403,1,'backend/auth-permission/create',0,NULL,1558004202,'{\"_csrf\":\"g6NOzkVCggKXbinOSD2kN6WqV_Ix6EUw36_2Q93N0rTMzHe8EAbHSuRYev58ctJF7dAUoki3IlybgsAKkouE4g==\",\"AuthPermission\":{\"name\":\"/school/student/index\",\"child\":\"\",\"description\":\"\",\"rule_name\":\"\"},\"ajax\":\"auth-permission-form\"}'),(404,1,'backend/auth-permission/create',0,NULL,1558004212,'{\"_csrf\":\"g6NOzkVCggKXbinOSD2kN6WqV_Ix6EUw36_2Q93N0rTMzHe8EAbHSuRYev58ctJF7dAUoki3IlybgsAKkouE4g==\",\"AuthPermission\":{\"name\":\"/school/student/index\",\"child\":\"\",\"description\":\"学生管理\",\"rule_name\":\"\"},\"ajax\":\"auth-permission-form\"}'),(405,1,'backend/auth-permission/create',0,NULL,1558004613,'{\"_csrf\":\"g6NOzkVCggKXbinOSD2kN6WqV_Ix6EUw36_2Q93N0rTMzHe8EAbHSuRYev58ctJF7dAUoki3IlybgsAKkouE4g==\",\"AuthPermission\":{\"name\":\"/school/student/index\",\"child\":\"\",\"description\":\"学生管理\",\"rule_name\":\"\"}}'),(406,1,'backend/auth-permission/index',0,NULL,1558004614,'{\"is_backend\":\"0\"}'),(407,1,'backend/auth-permission/index',0,NULL,1558004622,'{\"is_backend\":\"1\"}'),(408,1,'backend/auth-permission/create',0,NULL,1558004660,'[]'),(409,1,'backend/auth-permission/create',0,NULL,1558004664,'{\"_csrf\":\"1FlolHNnMFgxFdhkz7uOlmutzjB46S6JXbNIDlKF6uubNlHmJiN1EEIji1T79PjkI9eNYAG2SeUZnn5HHcO8vQ==\",\"AuthPermission\":{\"name\":\"/school/student/index\",\"child\":\"\",\"description\":\"\",\"rule_name\":\"\"},\"ajax\":\"auth-permission-form\"}'),(410,1,'backend/auth-permission/create',0,NULL,1558004665,'{\"_csrf\":\"1FlolHNnMFgxFdhkz7uOlmutzjB46S6JXbNIDlKF6uubNlHmJiN1EEIji1T79PjkI9eNYAG2SeUZnn5HHcO8vQ==\",\"AuthPermission\":{\"name\":\"/school/student/index\",\"child\":\"\",\"description\":\"\",\"rule_name\":\"\"},\"ajax\":\"auth-permission-form\"}'),(411,1,'backend/auth-permission/create',0,NULL,1558004672,'{\"_csrf\":\"1FlolHNnMFgxFdhkz7uOlmutzjB46S6JXbNIDlKF6uubNlHmJiN1EEIji1T79PjkI9eNYAG2SeUZnn5HHcO8vQ==\",\"AuthPermission\":{\"name\":\"/school/student/index\",\"child\":\"\",\"description\":\"\",\"rule_name\":\"\"},\"ajax\":\"auth-permission-form\"}'),(412,1,'backend/auth-permission/create',0,NULL,1558004702,'{\"_csrf\":\"1FlolHNnMFgxFdhkz7uOlmutzjB46S6JXbNIDlKF6uubNlHmJiN1EEIji1T79PjkI9eNYAG2SeUZnn5HHcO8vQ==\",\"AuthPermission\":{\"name\":\"/school/student/index\",\"child\":\"\",\"description\":\"\",\"rule_name\":\"\"},\"ajax\":\"auth-permission-form\"}'),(413,1,'backend/auth-permission/index',0,NULL,1558004744,'{\"is_backend\":\"1\"}'),(414,1,'backend/auth-group/index',0,NULL,1558004751,'[]'),(415,1,'backend/auth-group/permission',0,NULL,1558004755,'{\"AuthPermissionSearch\":{\"group_name\":\"frontend\",\"type\":\"1\"}}'),(416,1,'backend/auth-group/index',0,NULL,1558004766,'[]'),(417,1,'backend/auth-group/index',0,NULL,1558004772,'{\"AuthGroupSearch\":{\"type\":\"2\"}}'),(418,1,'backend/auth-group/permission',0,NULL,1558004776,'{\"AuthPermissionSearch\":{\"group_name\":\"school-manage\",\"type\":\"2\"}}'),(419,1,'backend/auth-group/assign',0,NULL,1558004779,'{\"group_name\":\"school-manage\",\"type\":\"2\"}'),(420,1,'backend/auth-group/assign',0,NULL,1558004789,'{\"group_name\":\"school-manage\",\"type\":\"2\",\"_csrf\":\"DVLKrhwvXlxA1kCgYfBE1PhWp309SUE0HWiS7dQ_qSZCPfPcSWsbFDPgE5BVvzKmsCzkLUQWJlhZRaSkm3n_cA==\",\"name\":[\"/school/student/index\"]}'),(421,1,'backend/auth-group/permission',0,NULL,1558004791,'{\"AuthPermissionSearch\":{\"group_name\":\"school-manage\"}}'),(422,1,'backend/auth-permission/index',0,NULL,1558004795,'[]'),(423,1,'backend/auth-permission/index',0,NULL,1558004800,'{\"is_backend\":\"0\"}'),(424,1,'backend/auth-role/index',0,NULL,1558004807,'[]'),(425,1,'backend/auth-role/index',0,NULL,1558004811,'{\"AuthRoleSearch\":{\"group_name\":\"frontend\"}}'),(426,1,'backend/auth-role/permission',0,NULL,1558004815,'{\"name\":\"学校管理员\",\"group_name\":\"frontend\",\"_pjax\":\"#role-index\"}'),(427,1,'backend/auth-role/permission',0,NULL,1558004816,'{\"name\":\"学校管理员\",\"group_name\":\"frontend\"}'),(428,1,'backend/auth-role/index',0,NULL,1558004829,'{\"AuthRoleSearch\":{\"group_name\":\"frontend\"}}'),(429,1,'backend/auth-role/permission',0,NULL,1558004835,'{\"name\":\"学校管理员\",\"group_name\":\"frontend\",\"_pjax\":\"#role-index\"}'),(430,1,'backend/auth-role/permission',0,NULL,1558004836,'{\"name\":\"学校管理员\",\"group_name\":\"frontend\"}'),(431,1,'backend/auth-role/index',0,NULL,1558004840,'{\"AuthRoleSearch\":{\"group_name\":\"frontend\"}}'),(432,1,'backend/auth-role/index',0,NULL,1558004844,'{\"AuthRoleSearch\":{\"group_name\":\"backend\"}}'),(433,1,'backend/auth-role/permission',0,NULL,1558004848,'{\"name\":\"一般管理员\",\"group_name\":\"backend\",\"_pjax\":\"#role-index\"}'),(434,1,'backend/auth-role/permission',0,NULL,1558004849,'{\"name\":\"一般管理员\",\"group_name\":\"backend\"}'),(435,1,'backend/auth-role/index',0,NULL,1558004853,'{\"AuthRoleSearch\":{\"group_name\":\"backend\"}}'),(436,1,'backend/auth-role/permission',0,NULL,1558004857,'{\"name\":\"一般管理员\",\"group_name\":\"backend\"}'),(437,1,'backend/auth-role/index',0,NULL,1558004878,'{\"AuthRoleSearch\":{\"group_name\":\"backend\"}}'),(438,1,'school/school/index',0,NULL,1558014916,'[]'),(439,1,'school/student/index',0,NULL,1558074903,'[]'),(440,1,'school/student/create',0,NULL,1558074920,'[]'),(441,1,'school/student/index',0,NULL,1558080623,'[]'),(442,1,'school/student/index',2130706433,NULL,1558086654,'[]'),(443,1,'travel/product/index',2130706433,NULL,1558086670,'[]'),(444,1,'travel/customization/index',2130706433,NULL,1558091419,'[]'),(445,1,'travel/customization/update',2130706433,NULL,1558091423,'{\"id\":\"1\"}'),(446,1,'ueditor/upload/index',2130706433,NULL,1558091424,'{\"action\":\"config\",\"noCache\":\"1558091424064\"}'),(447,1,'backend/page/index',2130706433,NULL,1558091454,'[]'),(448,1,'backend/page/update',2130706433,NULL,1558091458,'{\"id\":\"1\"}'),(449,1,'ueditor/upload/index',2130706433,NULL,1558091460,'{\"action\":\"config\",\"noCache\":\"1558091459081\"}'),(450,1,'backend/page/update',2130706433,NULL,1558091564,'{\"id\":\"1\",\"_csrf\":\"Foe65JFTFGirb1lY60jgiu9JE3ZEQ_slsqzH6em0gFsu7emPwANdXMUiazKgLovuiBN2NQ4KiHbnyIaBh_boNw==\",\"Page\":{\"slug\":\"about-us\",\"pid\":\"\",\"title\":\"关于我们\",\"content\":\"<p>【杭州泛美航空国际旅行社】成立于2001年，隶属于腾邦国际（股票代码：300178），目前拥有各类专业人才100余人，公司位于杭州萧山区——博地世纪中心，杭州沿江发展中心位置。</p><p></p><p><br/>泛美航空国旅是一家集国内、国际机票服务，国内、出境旅游服务为一身的综合旅行供应商，2016年销售额已突破6亿元。公司拥有数百家优质企业客户，包括阿里巴巴集团、浙江大学、绿城集团、传化物流、江南布衣等世界500强企业及知名上市公司。<br/><br/>机票板块，作为一类销售代理商，公司为中国境内所有航空公司及境外100余家国际航空公司提供国内、国际机票销售代理，并在杭州各航空公司团体机票产品销售领域中拥有优势地位，多次因出色的销售和服务能力受到各家航空公司表彰及嘉奖。<br/><br/>旅游板块，作为专业服务企事业单位的组团旅行社，我司产品涵盖省内周边游、国内长线游、各条出境游线路，同时服务客户的各类会议、活动；自2001年以来，长期服务阿里巴巴集团（包括淘宝、天猫、阿里云、蚂蚁金服）、蘑菇街、丁香园等客户公司团队旅游。<br/><br/>在“让每个员工都能在泛美实现正确的人身价值”的公司文化理念下，泛美正在续写着最辉煌的篇章，诚邀您的加盟！<br/><br/>母公司--腾邦国际（股票代码：300178）是国家商务部首批&quot;商贸服务典型企业&quot;，国家科技部“现代服务业创新发展示范企业”，深圳市高新技术企业。腾邦国际通过遍布全球的营销和服务网络，为客户提供专业商业服务解决方案，业务涵盖机票酒店、会展旅游、差旅管理、金融服务四大板块。腾邦国际总部位于深圳福田互联网金融产业园区，目前在国内各主要城市共有分子公司四十余家，国外分子机构十余个，业务布局覆盖全球。</p><p><br/></p>\",\"sort\":\"1\"},\"ajax\":\"sys-page-form\"}'),(451,1,'backend/page/update',2130706433,NULL,1558091566,'{\"id\":\"1\",\"_csrf\":\"Foe65JFTFGirb1lY60jgiu9JE3ZEQ_slsqzH6em0gFsu7emPwANdXMUiazKgLovuiBN2NQ4KiHbnyIaBh_boNw==\",\"Page\":{\"slug\":\"about-us\",\"pid\":\"\",\"title\":\"关于我们\",\"content\":\"<p>【杭州泛美航空国际旅行社】成立于2001年，隶属于腾邦国际（股票代码：300178），目前拥有各类专业人才100余人，公司位于杭州萧山区——博地世纪中心，杭州沿江发展中心位置。</p><p></p><p><br/>泛美航空国旅是一家集国内、国际机票服务，国内、出境旅游服务为一身的综合旅行供应商，2016年销售额已突破6亿元。公司拥有数百家优质企业客户，包括阿里巴巴集团、浙江大学、绿城集团、传化物流、江南布衣等世界500强企业及知名上市公司。<br/><br/>机票板块，作为一类销售代理商，公司为中国境内所有航空公司及境外100余家国际航空公司提供国内、国际机票销售代理，并在杭州各航空公司团体机票产品销售领域中拥有优势地位，多次因出色的销售和服务能力受到各家航空公司表彰及嘉奖。<br/><br/>旅游板块，作为专业服务企事业单位的组团旅行社，我司产品涵盖省内周边游、国内长线游、各条出境游线路，同时服务客户的各类会议、活动；自2001年以来，长期服务阿里巴巴集团（包括淘宝、天猫、阿里云、蚂蚁金服）、蘑菇街、丁香园等客户公司团队旅游。<br/><br/>在“让每个员工都能在泛美实现正确的人身价值”的公司文化理念下，泛美正在续写着最辉煌的篇章，诚邀您的加盟！<br/><br/>母公司--腾邦国际（股票代码：300178）是国家商务部首批&quot;商贸服务典型企业&quot;，国家科技部“现代服务业创新发展示范企业”，深圳市高新技术企业。腾邦国际通过遍布全球的营销和服务网络，为客户提供专业商业服务解决方案，业务涵盖机票酒店、会展旅游、差旅管理、金融服务四大板块。腾邦国际总部位于深圳福田互联网金融产业园区，目前在国内各主要城市共有分子公司四十余家，国外分子机构十余个，业务布局覆盖全球。</p><p><br/></p>\",\"sort\":\"1\"}}'),(452,1,'backend/page/update',2130706433,NULL,1558091567,'{\"id\":\"1\"}'),(453,1,'ueditor/upload/index',2130706433,NULL,1558091570,'{\"action\":\"config\",\"noCache\":\"1558091568698\"}'),(454,1,'travel/customization/index',0,NULL,1558154668,'[]'),(455,1,'travel/customization/update',0,NULL,1558154671,'{\"id\":\"1\"}'),(456,1,'ueditor/upload/index',0,NULL,1558154673,'{\"action\":\"config\",\"noCache\":\"1558154672918\"}'),(457,1,'travel/customization/index',0,NULL,1558154739,'[]'),(458,1,'travel/customization/update',0,NULL,1558154770,'{\"id\":\"1\"}'),(459,1,'ueditor/upload/index',0,NULL,1558154772,'{\"action\":\"config\",\"noCache\":\"1558154771671\"}'),(460,1,'travel/customization/index',0,NULL,1558154859,'[]'),(461,1,'travel/customization/update',0,NULL,1558154862,'{\"id\":\"1\"}'),(462,1,'ueditor/upload/index',0,NULL,1558154863,'{\"action\":\"config\",\"noCache\":\"1558154863032\"}'),(463,1,'travel/customization/index',0,NULL,1558154866,'[]'),(464,1,'travel/customization/update',0,NULL,1558154870,'{\"id\":\"1\"}'),(465,1,'ueditor/upload/index',0,NULL,1558154871,'{\"action\":\"config\",\"noCache\":\"1558154871173\"}'),(466,1,'travel/customization/index',0,NULL,1558154966,'[]'),(467,1,'travel/customization/update',0,NULL,1558154969,'{\"id\":\"1\"}'),(468,1,'ueditor/upload/index',0,NULL,1558154971,'{\"action\":\"config\",\"noCache\":\"1558154970970\"}'),(469,1,'travel/customization/index',0,NULL,1558155109,'[]'),(470,1,'travel/customization/update',0,NULL,1558155114,'{\"id\":\"1\"}'),(471,1,'ueditor/upload/index',0,NULL,1558155115,'{\"action\":\"config\",\"noCache\":\"1558155115246\"}'),(472,1,'travel/customization/index',0,NULL,1558155373,'[]'),(473,1,'travel/customization/update',0,NULL,1558155376,'{\"id\":\"1\"}'),(474,1,'ueditor/upload/index',0,NULL,1558155377,'{\"action\":\"config\",\"noCache\":\"1558155377212\"}'),(475,1,'travel/customization/update',0,NULL,1558158891,'{\"id\":\"1\",\"_csrf\":\"93n8Lvj2Hiol5EITj7wf0Hp2ZA6aVPem5184Gl3VvJ3GHckdkq54elCneiHk_knkAAxcW7cAptG1PH1_EZ3U9w==\",\"TravCustomization\":{\"client_id\":\"\",\"title\":\"阿里集团方案\",\"status\":\"1\",\"intro\":\"<p>这是一个高端的旅行路线，充满了奇妙的海天盛筵</p>\"},\"ajax\":\"trav-customization-form\"}'),(476,1,'travel/customization/update',0,NULL,1558158892,'{\"id\":\"1\",\"_csrf\":\"93n8Lvj2Hiol5EITj7wf0Hp2ZA6aVPem5184Gl3VvJ3GHckdkq54elCneiHk_knkAAxcW7cAptG1PH1_EZ3U9w==\",\"TravCustomization\":{\"client_id\":\"\",\"title\":\"阿里集团方案\",\"status\":\"1\",\"intro\":\"<p>这是一个高端的旅行路线，充满了奇妙的海天盛筵</p>\"}}'),(477,1,'travel/custom-product/index',0,NULL,1558158894,'{\"TravCustomProductSearch\":{\"customization_id\":\"1\"}}'),(478,1,'travel/customization/index',0,NULL,1558158897,'[]'),(479,1,'travel/customization/update',0,NULL,1558159062,'{\"id\":\"1\"}'),(480,1,'ueditor/upload/index',0,NULL,1558159064,'{\"action\":\"config\",\"noCache\":\"1558159063674\"}'),(481,1,'travel/customization/index',0,NULL,1558159504,'[]'),(482,1,'travel/customization/update',0,NULL,1558159508,'{\"id\":\"1\"}'),(483,1,'ueditor/upload/index',0,NULL,1558159509,'{\"action\":\"config\",\"noCache\":\"1558159509241\"}'),(484,1,'travel/customization/index',0,NULL,1558159613,'[]'),(485,1,'travel/customization/update',0,NULL,1558159616,'{\"id\":\"1\"}'),(486,1,'ueditor/upload/index',0,NULL,1558159618,'{\"action\":\"config\",\"noCache\":\"1558159617692\"}'),(487,1,'travel/customization/index',0,NULL,1558159641,'[]'),(488,1,'travel/customization/update',0,NULL,1558159644,'{\"id\":\"1\"}'),(489,1,'ueditor/upload/index',0,NULL,1558159646,'{\"action\":\"config\",\"noCache\":\"1558159645677\"}'),(490,1,'travel/customization/update',0,NULL,1558159724,'{\"id\":\"1\",\"_csrf\":\"jfAroS0iWfNonw2pGld4mt0QdlxEAJ_Go4RhmlsjGrC8lB6SR3o_ox3cNZtxFS6up2pOCWlUzrHx5yT_F2ty2g==\",\"TravCustomization\":{\"client_id\":\"\",\"title\":\"阿里集团方案\",\"status\":\"1\",\"intro\":\"<p>这是一个高端的旅行路线，充满了奇妙的海天盛筵</p>\"},\"ajax\":\"trav-customization-form\"}'),(491,1,'travel/customization/update',0,NULL,1558159725,'{\"id\":\"1\",\"_csrf\":\"jfAroS0iWfNonw2pGld4mt0QdlxEAJ_Go4RhmlsjGrC8lB6SR3o_ox3cNZtxFS6up2pOCWlUzrHx5yT_F2ty2g==\",\"TravCustomization\":{\"client_id\":\"\",\"title\":\"阿里集团方案\",\"status\":\"1\",\"intro\":\"<p>这是一个高端的旅行路线，充满了奇妙的海天盛筵</p>\"}}'),(492,1,'travel/custom-product/index',0,NULL,1558159727,'{\"TravCustomProductSearch\":{\"customization_id\":\"1\"}}'),(493,1,'travel/customization/index',0,NULL,1558159731,'[]'),(494,1,'travel/customization/update',0,NULL,1558159825,'{\"id\":\"1\"}'),(495,1,'ueditor/upload/index',0,NULL,1558159826,'{\"action\":\"config\",\"noCache\":\"1558159826491\"}'),(496,1,'travel/customization/update',0,NULL,1558159926,'{\"id\":\"1\"}'),(497,1,'ueditor/upload/index',0,NULL,1558159929,'{\"action\":\"config\",\"noCache\":\"1558159928184\"}'),(498,1,'travel/customization/update',0,NULL,1558159981,'{\"id\":\"1\"}'),(499,1,'ueditor/upload/index',0,NULL,1558159985,'{\"action\":\"config\",\"noCache\":\"1558159982887\"}'),(500,1,'travel/customization/update',0,NULL,1558159994,'{\"id\":\"1\",\"_csrf\":\"8DhCDSOJ0c38l9bVe4sxzja17uOTE9iTUhbjB3MaOGDBXHc-SdG3nYnU7ucQyWf6TM_Wtr5HieQAdaZiP1JQCg==\",\"TravCustomization\":{\"client_id\":\"\",\"title\":\"阿里集团方案\",\"status\":\"1\",\"intro\":\"<p><embed class=\\\"edui-faked-video\\\" pluginspage=\\\"http://www.macromedia.com/go/getflashplayer\\\" src=\\\"http://player.youku.com/player.php/sid/XNDE4NTMyNjc4MA==/v.swf\\\" width=\\\"420\\\" height=\\\"280\\\" wmode=\\\"transparent\\\" play=\\\"true\\\" loop=\\\"false\\\" menu=\\\"false\\\" allowscriptaccess=\\\"never\\\" allowfullscreen=\\\"true\\\"/>这是一个高端的旅行路线，充满了奇妙的海天盛筵</p>\"},\"ajax\":\"trav-customization-form\"}'),(501,1,'travel/customization/update',0,NULL,1558159995,'{\"id\":\"1\",\"_csrf\":\"8DhCDSOJ0c38l9bVe4sxzja17uOTE9iTUhbjB3MaOGDBXHc-SdG3nYnU7ucQyWf6TM_Wtr5HieQAdaZiP1JQCg==\",\"TravCustomization\":{\"client_id\":\"\",\"title\":\"阿里集团方案\",\"status\":\"1\",\"intro\":\"<p><embed class=\\\"edui-faked-video\\\" pluginspage=\\\"http://www.macromedia.com/go/getflashplayer\\\" src=\\\"http://player.youku.com/player.php/sid/XNDE4NTMyNjc4MA==/v.swf\\\" width=\\\"420\\\" height=\\\"280\\\" wmode=\\\"transparent\\\" play=\\\"true\\\" loop=\\\"false\\\" menu=\\\"false\\\" allowscriptaccess=\\\"never\\\" allowfullscreen=\\\"true\\\"/>这是一个高端的旅行路线，充满了奇妙的海天盛筵</p>\"}}'),(502,1,'travel/custom-product/index',0,NULL,1558159997,'{\"TravCustomProductSearch\":{\"customization_id\":\"1\"}}'),(503,1,'travel/customization/index',0,NULL,1558160013,'[]'),(504,1,'travel/customization/update',0,NULL,1558160016,'{\"id\":\"1\"}'),(505,1,'ueditor/upload/index',0,NULL,1558160017,'{\"action\":\"config\",\"noCache\":\"1558160017469\"}'),(506,1,'travel/customization/update',0,NULL,1558160245,'{\"id\":\"1\",\"_csrf\":\"hEeUWKTfA8qK2qFiXYN7s8CzxI1hZu867M2ata6jNay1I6Frzodlmv-ZmVA2wS2Husn82Ewyvk2-rt_Q4utdxg==\",\"TravCustomization\":{\"client_id\":\"\",\"title\":\"阿里集团方案\",\"status\":\"1\",\"intro\":\"<p style=\\\"text-align:center\\\"><embed class=\\\"edui-faked-video\\\" pluginspage=\\\"http://www.macromedia.com/go/getflashplayer\\\" src=\\\"http://player.youku.com/player.php/sid/XNDE4NTMyNjc4MA==/v.swf\\\" width=\\\"420\\\" height=\\\"280\\\" wmode=\\\"transparent\\\" play=\\\"true\\\" loop=\\\"false\\\" menu=\\\"false\\\" allowscriptaccess=\\\"never\\\" allowfullscreen=\\\"true\\\"/></p><p>这是一个高端的旅行路线，充满了奇妙的海天盛筵<br/></p>\"},\"ajax\":\"trav-customization-form\"}'),(507,1,'travel/customization/update',0,NULL,1558160247,'{\"id\":\"1\",\"_csrf\":\"hEeUWKTfA8qK2qFiXYN7s8CzxI1hZu867M2ata6jNay1I6Frzodlmv-ZmVA2wS2Husn82Ewyvk2-rt_Q4utdxg==\",\"TravCustomization\":{\"client_id\":\"\",\"title\":\"阿里集团方案\",\"status\":\"1\",\"intro\":\"<p style=\\\"text-align:center\\\"><embed class=\\\"edui-faked-video\\\" pluginspage=\\\"http://www.macromedia.com/go/getflashplayer\\\" src=\\\"http://player.youku.com/player.php/sid/XNDE4NTMyNjc4MA==/v.swf\\\" width=\\\"420\\\" height=\\\"280\\\" wmode=\\\"transparent\\\" play=\\\"true\\\" loop=\\\"false\\\" menu=\\\"false\\\" allowscriptaccess=\\\"never\\\" allowfullscreen=\\\"true\\\"/></p><p>这是一个高端的旅行路线，充满了奇妙的海天盛筵<br/></p>\"}}'),(508,1,'travel/custom-product/index',0,NULL,1558160248,'{\"TravCustomProductSearch\":{\"customization_id\":\"1\"}}'),(509,1,'travel/customization/update',0,NULL,1558160606,'{\"id\":\"1\"}'),(510,1,'ueditor/upload/index',0,NULL,1558160608,'{\"action\":\"config\",\"noCache\":\"1558160607722\"}'),(511,1,'travel/customization/index',0,NULL,1558160630,'[]'),(512,1,'travel/customization/update',0,NULL,1558160634,'{\"id\":\"1\"}'),(513,1,'ueditor/upload/index',0,NULL,1558160635,'{\"action\":\"config\",\"noCache\":\"1558160635273\"}'),(514,1,'travel/customization/update',0,NULL,1558160676,'{\"id\":\"1\",\"_csrf\":\"ZLwavOD3hZYSZxgBLiz2eUC4PDG7gElkmoSq-aUkXldV2C-Piq_jxmckIDNFbqBNOsIEZJbUGBPI5--c6Ww2PQ==\",\"TravCustomization\":{\"client_id\":\"\",\"title\":\"阿里集团方案\",\"status\":\"1\",\"intro\":\"<p style=\\\"text-align:center\\\"><embed class=\\\"edui-faked-video\\\" pluginspage=\\\"http://www.macromedia.com/go/getflashplayer\\\" src=\\\"http://player.youku.com/player.php/sid/XNDE4NTMyNjc4MA==/v.swf\\\" width=\\\"420\\\" height=\\\"280\\\" wmode=\\\"transparent\\\" play=\\\"true\\\" loop=\\\"false\\\" menu=\\\"false\\\" allowscriptaccess=\\\"never\\\" allowfullscreen=\\\"true\\\"/></p><p>这是一个高端的旅行路线，充满了奇妙的海天盛筵<br/></p>\"},\"ajax\":\"trav-customization-form\"}'),(515,1,'travel/customization/update',0,NULL,1558160677,'{\"id\":\"1\",\"_csrf\":\"ZLwavOD3hZYSZxgBLiz2eUC4PDG7gElkmoSq-aUkXldV2C-Piq_jxmckIDNFbqBNOsIEZJbUGBPI5--c6Ww2PQ==\",\"TravCustomization\":{\"client_id\":\"\",\"title\":\"阿里集团方案\",\"status\":\"1\",\"intro\":\"<p style=\\\"text-align:center\\\"><embed class=\\\"edui-faked-video\\\" pluginspage=\\\"http://www.macromedia.com/go/getflashplayer\\\" src=\\\"http://player.youku.com/player.php/sid/XNDE4NTMyNjc4MA==/v.swf\\\" width=\\\"420\\\" height=\\\"280\\\" wmode=\\\"transparent\\\" play=\\\"true\\\" loop=\\\"false\\\" menu=\\\"false\\\" allowscriptaccess=\\\"never\\\" allowfullscreen=\\\"true\\\"/></p><p>这是一个高端的旅行路线，充满了奇妙的海天盛筵<br/></p>\"}}'),(516,1,'travel/custom-product/index',0,NULL,1558160679,'{\"TravCustomProductSearch\":{\"customization_id\":\"1\"}}'),(517,1,'travel/customization/index',0,NULL,1558160767,'[]'),(518,1,'travel/customization/update',0,NULL,1558160771,'{\"id\":\"1\"}'),(519,1,'ueditor/upload/index',0,NULL,1558160772,'{\"action\":\"config\",\"noCache\":\"1558160772130\"}'),(520,1,'aliyun-oss/setting/index',0,NULL,1558164020,'[]'),(521,1,'aliyun-oss/setting/create',0,NULL,1558164024,'{\"Setting\":{\"category\":\"aliyun.oss\"}}'),(522,1,'aliyun-oss/setting/create',0,NULL,1558164049,'{\"Setting\":{\"category\":\"aliyun.oss\",\"title\":\"阿里云OSS应用ID\",\"name\":\"\",\"val_type\":\"\",\"value\":\"\",\"hint\":\"\"},\"_csrf\":\"7oC8nl4JZlGeZXuoOJoJx5FGYi5rmb5J-PnILQ_sV3Tf5ImtNFEAAesmQ5pT2F_z6zxae0bN7z6qmo1IQ6Q_Hg==\",\"ajax\":\"sys-setting-form\"}'),(523,1,'aliyun-oss/setting/create',0,NULL,1558164054,'{\"Setting\":{\"category\":\"aliyun.oss\",\"title\":\"阿里云OSS应用ID\",\"name\":\"app_id\",\"val_type\":\"\",\"value\":\"\",\"hint\":\"\"},\"_csrf\":\"7oC8nl4JZlGeZXuoOJoJx5FGYi5rmb5J-PnILQ_sV3Tf5ImtNFEAAesmQ5pT2F_z6zxae0bN7z6qmo1IQ6Q_Hg==\",\"ajax\":\"sys-setting-form\"}'),(524,1,'aliyun-oss/setting/create',0,NULL,1558164057,'{\"Setting\":{\"category\":\"aliyun.oss\",\"title\":\"阿里云OSS应用ID\",\"name\":\"app_id\",\"val_type\":\"\",\"value\":\"\",\"hint\":\"\"},\"_csrf\":\"7oC8nl4JZlGeZXuoOJoJx5FGYi5rmb5J-PnILQ_sV3Tf5ImtNFEAAesmQ5pT2F_z6zxae0bN7z6qmo1IQ6Q_Hg==\",\"ajax\":\"sys-setting-form\"}'),(525,1,'aliyun-oss/setting/create',0,NULL,1558164095,'{\"Setting\":{\"category\":\"aliyun.oss\",\"title\":\"阿里云OSS应用ID\",\"name\":\"app_id\",\"val_type\":\"\",\"value\":\"\",\"hint\":\"\"},\"_csrf\":\"7oC8nl4JZlGeZXuoOJoJx5FGYi5rmb5J-PnILQ_sV3Tf5ImtNFEAAesmQ5pT2F_z6zxae0bN7z6qmo1IQ6Q_Hg==\",\"ajax\":\"sys-setting-form\"}'),(526,1,'aliyun-oss/setting/create',0,NULL,1558164098,'{\"Setting\":{\"category\":\"aliyun.oss\",\"title\":\"阿里云OSS应用Key\",\"name\":\"app_id\",\"val_type\":\"\",\"value\":\"\",\"hint\":\"\"},\"_csrf\":\"7oC8nl4JZlGeZXuoOJoJx5FGYi5rmb5J-PnILQ_sV3Tf5ImtNFEAAesmQ5pT2F_z6zxae0bN7z6qmo1IQ6Q_Hg==\",\"ajax\":\"sys-setting-form\"}'),(527,1,'aliyun-oss/setting/create',0,NULL,1558164128,'{\"Setting\":{\"category\":\"aliyun.oss\",\"title\":\"阿里云OSS应用Key\",\"name\":\"aliyun.oss.accesskey\",\"val_type\":\"\",\"value\":\"\",\"hint\":\"\"},\"_csrf\":\"7oC8nl4JZlGeZXuoOJoJx5FGYi5rmb5J-PnILQ_sV3Tf5ImtNFEAAesmQ5pT2F_z6zxae0bN7z6qmo1IQ6Q_Hg==\",\"ajax\":\"sys-setting-form\"}'),(528,1,'aliyun-oss/setting/create',0,NULL,1558164129,'{\"Setting\":{\"category\":\"aliyun.oss\",\"title\":\"阿里云OSS应用Key\",\"name\":\"aliyun.oss.accesskey\",\"val_type\":\"STR\",\"value\":\"\",\"hint\":\"\"},\"_csrf\":\"7oC8nl4JZlGeZXuoOJoJx5FGYi5rmb5J-PnILQ_sV3Tf5ImtNFEAAesmQ5pT2F_z6zxae0bN7z6qmo1IQ6Q_Hg==\",\"ajax\":\"sys-setting-form\"}'),(529,1,'aliyun-oss/setting/create',0,NULL,1558164131,'{\"Setting\":{\"category\":\"aliyun.oss\",\"title\":\"阿里云OSS应用Key\",\"name\":\"aliyun.oss.accesskey\",\"val_type\":\"STR\",\"value\":\"\",\"hint\":\"\"},\"_csrf\":\"7oC8nl4JZlGeZXuoOJoJx5FGYi5rmb5J-PnILQ_sV3Tf5ImtNFEAAesmQ5pT2F_z6zxae0bN7z6qmo1IQ6Q_Hg==\",\"ajax\":\"sys-setting-form\"}'),(530,1,'aliyun-oss/setting/create',0,NULL,1558164133,'{\"Setting\":{\"category\":\"aliyun.oss\",\"title\":\"阿里云OSS应用Key\",\"name\":\"aliyun.oss.accesskey\",\"val_type\":\"STR\",\"value\":\"\",\"hint\":\"\"},\"_csrf\":\"7oC8nl4JZlGeZXuoOJoJx5FGYi5rmb5J-PnILQ_sV3Tf5ImtNFEAAesmQ5pT2F_z6zxae0bN7z6qmo1IQ6Q_Hg==\",\"ajax\":\"sys-setting-form\"}'),(531,1,'aliyun-oss/setting/create',0,NULL,1558164135,'{\"Setting\":{\"category\":\"aliyun.oss\",\"title\":\"阿里云OSS应用Key\",\"name\":\"aliyun.oss.accesskey\",\"val_type\":\"STR\",\"value\":\"\",\"hint\":\"\"},\"_csrf\":\"7oC8nl4JZlGeZXuoOJoJx5FGYi5rmb5J-PnILQ_sV3Tf5ImtNFEAAesmQ5pT2F_z6zxae0bN7z6qmo1IQ6Q_Hg==\",\"ajax\":\"sys-setting-form\"}'),(532,1,'aliyun-oss/setting/create',0,NULL,1558164139,'{\"Setting\":{\"category\":\"aliyun.oss\",\"title\":\"阿里云OSS应用Key\",\"name\":\"aliyun.oss.accesskey\",\"val_type\":\"STR\",\"value\":\"\",\"hint\":\"accessKey\"},\"_csrf\":\"7oC8nl4JZlGeZXuoOJoJx5FGYi5rmb5J-PnILQ_sV3Tf5ImtNFEAAesmQ5pT2F_z6zxae0bN7z6qmo1IQ6Q_Hg==\",\"ajax\":\"sys-setting-form\"}'),(533,1,'aliyun-oss/setting/create',0,NULL,1558164140,'{\"Setting\":{\"category\":\"aliyun.oss\",\"title\":\"阿里云OSS应用Key\",\"name\":\"aliyun.oss.accesskey\",\"val_type\":\"STR\",\"value\":\"\",\"hint\":\"accessKey\"},\"_csrf\":\"7oC8nl4JZlGeZXuoOJoJx5FGYi5rmb5J-PnILQ_sV3Tf5ImtNFEAAesmQ5pT2F_z6zxae0bN7z6qmo1IQ6Q_Hg==\"}'),(534,1,'aliyun-oss/setting/index',0,NULL,1558164142,'[]'),(535,1,'aliyun-oss/setting/create',0,NULL,1558164145,'{\"Setting\":{\"category\":\"aliyun.oss\"}}'),(536,1,'aliyun-oss/setting/create',0,NULL,1558164163,'{\"Setting\":{\"category\":\"aliyun.oss\",\"title\":\"阿里云OSS应用密钥\",\"name\":\"\",\"val_type\":\"\",\"value\":\"\",\"hint\":\"\"},\"_csrf\":\"Xbxh1KEsKEoAVz4Kpy9TLPjHAoYUBz9ReD0V1l6GaQhs2FTny3ROGnUUBjjMbQUYgr060zlTbiYqXlCzEs4BYg==\",\"ajax\":\"sys-setting-form\"}'),(537,1,'aliyun-oss/setting/create',0,NULL,1558164165,'{\"Setting\":{\"category\":\"aliyun.oss\",\"title\":\"阿里云OSS应用密钥\",\"name\":\"\",\"val_type\":\"\",\"value\":\"\",\"hint\":\"\"},\"_csrf\":\"Xbxh1KEsKEoAVz4Kpy9TLPjHAoYUBz9ReD0V1l6GaQhs2FTny3ROGnUUBjjMbQUYgr060zlTbiYqXlCzEs4BYg==\",\"ajax\":\"sys-setting-form\"}'),(538,1,'aliyun-oss/setting/create',0,NULL,1558164174,'{\"Setting\":{\"category\":\"aliyun.oss\",\"title\":\"阿里云OSS应用密钥\",\"name\":\"\",\"val_type\":\"\",\"value\":\"\",\"hint\":\"accessSecrety\"},\"_csrf\":\"Xbxh1KEsKEoAVz4Kpy9TLPjHAoYUBz9ReD0V1l6GaQhs2FTny3ROGnUUBjjMbQUYgr060zlTbiYqXlCzEs4BYg==\",\"ajax\":\"sys-setting-form\"}'),(539,1,'aliyun-oss/setting/create',0,NULL,1558164188,'{\"Setting\":{\"category\":\"aliyun.oss\",\"title\":\"阿里云OSS应用密钥\",\"name\":\"aliyun.oss.accesssecrety\",\"val_type\":\"\",\"value\":\"\",\"hint\":\"accessSecrety\"},\"_csrf\":\"Xbxh1KEsKEoAVz4Kpy9TLPjHAoYUBz9ReD0V1l6GaQhs2FTny3ROGnUUBjjMbQUYgr060zlTbiYqXlCzEs4BYg==\",\"ajax\":\"sys-setting-form\"}'),(540,1,'aliyun-oss/setting/create',0,NULL,1558164193,'{\"Setting\":{\"category\":\"aliyun.oss\",\"title\":\"阿里云OSS应用密钥\",\"name\":\"aliyun.oss.accesssecret\",\"val_type\":\"\",\"value\":\"\",\"hint\":\"accessSecrety\"},\"_csrf\":\"Xbxh1KEsKEoAVz4Kpy9TLPjHAoYUBz9ReD0V1l6GaQhs2FTny3ROGnUUBjjMbQUYgr060zlTbiYqXlCzEs4BYg==\",\"ajax\":\"sys-setting-form\"}'),(541,1,'aliyun-oss/setting/create',0,NULL,1558164197,'{\"Setting\":{\"category\":\"aliyun.oss\",\"title\":\"阿里云OSS应用密钥\",\"name\":\"aliyun.oss.accesssecret\",\"val_type\":\"\",\"value\":\"\",\"hint\":\"accessSecret\"},\"_csrf\":\"Xbxh1KEsKEoAVz4Kpy9TLPjHAoYUBz9ReD0V1l6GaQhs2FTny3ROGnUUBjjMbQUYgr060zlTbiYqXlCzEs4BYg==\",\"ajax\":\"sys-setting-form\"}'),(542,1,'aliyun-oss/setting/create',0,NULL,1558164223,'{\"Setting\":{\"category\":\"aliyun.oss\",\"title\":\"阿里云OSS应用密钥\",\"name\":\"aliyun.oss.accsess.secret\",\"val_type\":\"STR\",\"value\":\"\",\"hint\":\"accessSecret\"},\"_csrf\":\"Xbxh1KEsKEoAVz4Kpy9TLPjHAoYUBz9ReD0V1l6GaQhs2FTny3ROGnUUBjjMbQUYgr060zlTbiYqXlCzEs4BYg==\",\"ajax\":\"sys-setting-form\"}'),(543,1,'aliyun-oss/setting/create',0,NULL,1558164225,'{\"Setting\":{\"category\":\"aliyun.oss\",\"title\":\"阿里云OSS应用密钥\",\"name\":\"aliyun.oss.accsess.secret\",\"val_type\":\"STR\",\"value\":\"\",\"hint\":\"accessSecret\"},\"_csrf\":\"Xbxh1KEsKEoAVz4Kpy9TLPjHAoYUBz9ReD0V1l6GaQhs2FTny3ROGnUUBjjMbQUYgr060zlTbiYqXlCzEs4BYg==\",\"ajax\":\"sys-setting-form\"}'),(544,1,'aliyun-oss/setting/create',0,NULL,1558164226,'{\"Setting\":{\"category\":\"aliyun.oss\",\"title\":\"阿里云OSS应用密钥\",\"name\":\"aliyun.oss.accsess.secret\",\"val_type\":\"STR\",\"value\":\"\",\"hint\":\"accessSecret\"},\"_csrf\":\"Xbxh1KEsKEoAVz4Kpy9TLPjHAoYUBz9ReD0V1l6GaQhs2FTny3ROGnUUBjjMbQUYgr060zlTbiYqXlCzEs4BYg==\"}'),(545,1,'aliyun-oss/setting/index',0,NULL,1558164228,'[]'),(546,1,'aliyun-oss/setting/update',0,NULL,1558164231,'{\"name\":\"aliyun.oss.accesskey\"}'),(547,1,'aliyun-oss/setting/update',0,NULL,1558164236,'{\"name\":\"aliyun.oss.accesskey\",\"_csrf\":\"O_aWhFYCbVlj630DLD9OQhPizjYXSs32y06PY8K4hVYKkqO3PFoLCRaoRTFHfRh2aZj2YzoenIGZLcoGjvDtPA==\",\"Setting\":{\"title\":\"阿里云OSS应用Key\",\"name\":\"aliyun.oss.access.key\",\"val_type\":\"STR\",\"value\":\"\",\"hint\":\"accessKey\"},\"ajax\":\"sys-setting-form\"}'),(548,1,'aliyun-oss/setting/update',0,NULL,1558164237,'{\"name\":\"aliyun.oss.accesskey\",\"_csrf\":\"O_aWhFYCbVlj630DLD9OQhPizjYXSs32y06PY8K4hVYKkqO3PFoLCRaoRTFHfRh2aZj2YzoenIGZLcoGjvDtPA==\",\"Setting\":{\"title\":\"阿里云OSS应用Key\",\"name\":\"aliyun.oss.access.key\",\"val_type\":\"STR\",\"value\":\"\",\"hint\":\"accessKey\"}}'),(549,1,'aliyun-oss/setting/index',0,NULL,1558164238,'[]'),(550,1,'aliyun-oss/setting/create',0,NULL,1558164297,'{\"Setting\":{\"category\":\"aliyun.oss\"}}'),(551,1,'aliyun-oss/setting/create',0,NULL,1558164308,'{\"Setting\":{\"category\":\"aliyun.oss\",\"title\":\"阿里云OSS应用上传地址\",\"name\":\"\",\"val_type\":\"\",\"value\":\"\",\"hint\":\"\"},\"_csrf\":\"SXi1YYe7-AmgiYBv5XqYdql4QLP95UD5TDSaUJGTCRN4HIBS7eOeWdXKuF2OOM5C0wJ45tCxEY4eV9813dtheQ==\",\"ajax\":\"sys-setting-form\"}'),(552,1,'aliyun-oss/setting/create',0,NULL,1558164316,'{\"Setting\":{\"category\":\"aliyun.oss\",\"title\":\"阿里云OSS应用上传地址\",\"name\":\"aliyun.oss.endpoint\",\"val_type\":\"STR\",\"value\":\"\",\"hint\":\"\"},\"_csrf\":\"SXi1YYe7-AmgiYBv5XqYdql4QLP95UD5TDSaUJGTCRN4HIBS7eOeWdXKuF2OOM5C0wJ45tCxEY4eV9813dtheQ==\",\"ajax\":\"sys-setting-form\"}'),(553,1,'aliyun-oss/setting/create',0,NULL,1558164318,'{\"Setting\":{\"category\":\"aliyun.oss\",\"title\":\"阿里云OSS应用上传地址\",\"name\":\"aliyun.oss.endpoint\",\"val_type\":\"STR\",\"value\":\"\",\"hint\":\"endpoint\"},\"_csrf\":\"SXi1YYe7-AmgiYBv5XqYdql4QLP95UD5TDSaUJGTCRN4HIBS7eOeWdXKuF2OOM5C0wJ45tCxEY4eV9813dtheQ==\",\"ajax\":\"sys-setting-form\"}'),(554,1,'aliyun-oss/setting/create',0,NULL,1558164319,'{\"Setting\":{\"category\":\"aliyun.oss\",\"title\":\"阿里云OSS应用上传地址\",\"name\":\"aliyun.oss.endpoint\",\"val_type\":\"STR\",\"value\":\"\",\"hint\":\"endpoint\"},\"_csrf\":\"SXi1YYe7-AmgiYBv5XqYdql4QLP95UD5TDSaUJGTCRN4HIBS7eOeWdXKuF2OOM5C0wJ45tCxEY4eV9813dtheQ==\"}'),(555,1,'aliyun-oss/setting/index',0,NULL,1558164321,'[]'),(556,1,'aliyun-oss/setting/create',0,NULL,1558164325,'{\"Setting\":{\"category\":\"aliyun.oss\"}}'),(557,1,'aliyun-oss/setting/create',0,NULL,1558164338,'{\"Setting\":{\"category\":\"aliyun.oss\",\"title\":\"阿里云OSS应用访问地址\",\"name\":\"\",\"val_type\":\"\",\"value\":\"\",\"hint\":\"\"},\"_csrf\":\"4I_fW8_gQBNvcLcCtTjOTr5n2aC3dgiDs9Nz8_dDMYfR6-popbgmQxozjzDeeph6xB3h9ZoiWfThsDaWuwtZ7Q==\",\"ajax\":\"sys-setting-form\"}'),(558,1,'aliyun-oss/setting/create',0,NULL,1558164349,'{\"Setting\":{\"category\":\"aliyun.oss\",\"title\":\"阿里云OSS应用访问地址\",\"name\":\"aliyun.oss.baseurl\",\"val_type\":\"STR\",\"value\":\"\",\"hint\":\"\"},\"_csrf\":\"4I_fW8_gQBNvcLcCtTjOTr5n2aC3dgiDs9Nz8_dDMYfR6-popbgmQxozjzDeeph6xB3h9ZoiWfThsDaWuwtZ7Q==\",\"ajax\":\"sys-setting-form\"}'),(559,1,'aliyun-oss/setting/create',0,NULL,1558164350,'{\"Setting\":{\"category\":\"aliyun.oss\",\"title\":\"阿里云OSS应用访问地址\",\"name\":\"aliyun.oss.baseurl\",\"val_type\":\"STR\",\"value\":\"\",\"hint\":\"\"},\"_csrf\":\"4I_fW8_gQBNvcLcCtTjOTr5n2aC3dgiDs9Nz8_dDMYfR6-popbgmQxozjzDeeph6xB3h9ZoiWfThsDaWuwtZ7Q==\",\"ajax\":\"sys-setting-form\"}'),(560,1,'aliyun-oss/setting/create',0,NULL,1558164355,'{\"Setting\":{\"category\":\"aliyun.oss\",\"title\":\"阿里云OSS应用访问地址\",\"name\":\"aliyun.oss.baseurl\",\"val_type\":\"STR\",\"value\":\"\",\"hint\":\"baseUrl\"},\"_csrf\":\"4I_fW8_gQBNvcLcCtTjOTr5n2aC3dgiDs9Nz8_dDMYfR6-popbgmQxozjzDeeph6xB3h9ZoiWfThsDaWuwtZ7Q==\",\"ajax\":\"sys-setting-form\"}'),(561,1,'aliyun-oss/setting/create',0,NULL,1558164356,'{\"Setting\":{\"category\":\"aliyun.oss\",\"title\":\"阿里云OSS应用访问地址\",\"name\":\"aliyun.oss.baseurl\",\"val_type\":\"STR\",\"value\":\"\",\"hint\":\"baseUrl\"},\"_csrf\":\"4I_fW8_gQBNvcLcCtTjOTr5n2aC3dgiDs9Nz8_dDMYfR6-popbgmQxozjzDeeph6xB3h9ZoiWfThsDaWuwtZ7Q==\"}'),(562,1,'aliyun-oss/setting/index',0,NULL,1558164358,'[]'),(563,1,'travel/product/index',0,NULL,1558353401,'[]'),(564,1,'backend/default/index',0,NULL,1558354039,'[]'),(565,1,'backend/event/index',0,NULL,1558354043,'[]'),(566,1,'backend/event-handler/index',0,NULL,1558354049,'{\"EventHandlerSearch\":{\"event_id\":\"3\"}}'),(567,1,'backend/event/index',0,NULL,1558354052,'[]'),(568,1,'backend/event-handler/index',0,NULL,1558354055,'{\"EventHandlerSearch\":{\"event_id\":\"2\"}}'),(569,1,'backend/event/index',0,NULL,1558354059,'[]'),(570,1,'backend/event/update',0,NULL,1558354063,'{\"id\":\"2\"}'),(571,1,'backend/event/update',0,NULL,1558354077,'{\"id\":\"2\",\"_csrf\":\"UV4iM-I3GXU1P5Kl_m2_NywTs4Kkmkzih1T8yF2FoU4ECVhCzwMpAkUJ3cbMBPZtFVCFxM_tD4_WZpWaPO7YAg==\",\"Event\":{\"name\":\"Layout页面结尾\",\"event\":\"endPage\",\"level\":\"View\",\"intro\":\"\",\"is_backend\":\"1\"},\"ajax\":\"event-form\"}'),(572,1,'backend/event/index',0,NULL,1558354092,'[]'),(573,1,'backend/event-handler/index',0,NULL,1558354114,'{\"EventHandlerSearch\":{\"event_id\":\"2\"}}'),(574,1,'backend/event-handler/update',0,NULL,1558354119,'{\"id\":\"1\"}'),(575,1,'backend/event-handler/update',0,NULL,1558354135,'{\"id\":\"1\"}'),(576,1,'backend/event-handler/update',0,NULL,1558354138,'{\"id\":\"1\",\"_csrf\":\"RSXL7Oi84OenHJc0XSCoPwuHy3Wkp7w_g5zFwxij1dUQcrGdxYjQkNcq2FdvSeFlMsT9M8_Q_1LSrqyRecismQ==\",\"EventHandler\":{\"is_active\":\"0\",\"event_id\":\"2\",\"name\":\"微信JS分享组件\",\"handler\":\"app\\\\addons\\\\wechat\\\\eventhandlers\\\\WechatJsShareHandler\",\"sort\":\"1\",\"intro\":\"当页面在微信分享的时候图片文显示\"},\"ajax\":\"event-handler-form\"}'),(577,1,'backend/event-handler/update',0,NULL,1558354139,'{\"id\":\"1\",\"_csrf\":\"RSXL7Oi84OenHJc0XSCoPwuHy3Wkp7w_g5zFwxij1dUQcrGdxYjQkNcq2FdvSeFlMsT9M8_Q_1LSrqyRecismQ==\",\"EventHandler\":{\"is_active\":\"0\",\"event_id\":\"2\",\"name\":\"微信JS分享组件\",\"handler\":\"app\\\\addons\\\\wechat\\\\eventhandlers\\\\WechatJsShareHandler\",\"sort\":\"1\",\"intro\":\"当页面在微信分享的时候图片文显示\"},\"ajax\":\"event-handler-form\"}'),(578,1,'backend/event-handler/update',0,NULL,1558354140,'{\"id\":\"1\",\"_csrf\":\"RSXL7Oi84OenHJc0XSCoPwuHy3Wkp7w_g5zFwxij1dUQcrGdxYjQkNcq2FdvSeFlMsT9M8_Q_1LSrqyRecismQ==\",\"EventHandler\":{\"is_active\":\"0\",\"event_id\":\"2\",\"name\":\"微信JS分享组件\",\"handler\":\"app\\\\addons\\\\wechat\\\\eventhandlers\\\\WechatJsShareHandler\",\"sort\":\"1\",\"intro\":\"当页面在微信分享的时候图片文显示\"}}'),(579,1,'backend/event-handler/index',0,NULL,1558354141,'{\"EventHandlerSearch\":{\"event_id\":\"2\"}}'),(580,1,'backend/event-handler/update',0,NULL,1558354144,'{\"id\":\"2\"}'),(581,1,'backend/event-handler/update',0,NULL,1558354148,'{\"id\":\"2\",\"_csrf\":\"hDIEcyAmMF43UUFlP1BjrbUjS7_CcwLQz2QriWRZOxvRZX4CDRIAKUdnDgYNOSr3jGB9-akEQb2eVkLbBTJCVw==\",\"EventHandler\":{\"is_active\":\"1\",\"event_id\":\"2\",\"name\":\"设置网站统计代码\",\"handler\":\"app\\\\kit\\\\eventhandlers\\\\SiteStatisticCodeHandler\",\"sort\":\"1\",\"intro\":\"在页面的头部加载统计代码\"},\"ajax\":\"event-handler-form\"}'),(582,1,'backend/event-handler/update',0,NULL,1558354149,'{\"id\":\"2\",\"_csrf\":\"hDIEcyAmMF43UUFlP1BjrbUjS7_CcwLQz2QriWRZOxvRZX4CDRIAKUdnDgYNOSr3jGB9-akEQb2eVkLbBTJCVw==\",\"EventHandler\":{\"is_active\":\"1\",\"event_id\":\"2\",\"name\":\"设置网站统计代码\",\"handler\":\"app\\\\kit\\\\eventhandlers\\\\SiteStatisticCodeHandler\",\"sort\":\"1\",\"intro\":\"在页面的头部加载统计代码\"},\"ajax\":\"event-handler-form\"}'),(583,1,'backend/event-handler/update',0,NULL,1558354150,'{\"id\":\"2\",\"_csrf\":\"hDIEcyAmMF43UUFlP1BjrbUjS7_CcwLQz2QriWRZOxvRZX4CDRIAKUdnDgYNOSr3jGB9-akEQb2eVkLbBTJCVw==\",\"EventHandler\":{\"is_active\":\"1\",\"event_id\":\"2\",\"name\":\"设置网站统计代码\",\"handler\":\"app\\\\kit\\\\eventhandlers\\\\SiteStatisticCodeHandler\",\"sort\":\"1\",\"intro\":\"在页面的头部加载统计代码\"}}'),(584,1,'backend/event-handler/index',0,NULL,1558354151,'{\"EventHandlerSearch\":{\"event_id\":\"2\"}}'),(585,1,'backend/event/index',0,NULL,1558354155,'[]'),(586,1,'backend/event/update',0,NULL,1558354158,'{\"id\":\"2\"}'),(587,1,'backend/event/update',0,NULL,1558354163,'{\"id\":\"2\",\"_csrf\":\"vajB3biIZxevHfqEFwt1gbMur0rrVRgZOG1fSlGUkq3o_7uslbxXYN8rteclYjzbim2ZDIAiW3RpXzYYMP_r4Q==\",\"Event\":{\"name\":\"Layout页面结尾\",\"event\":\"endPage\",\"level\":\"View\",\"intro\":\"\",\"is_backend\":\"1\"},\"ajax\":\"event-form\"}'),(588,1,'backend/event/update',0,NULL,1558354190,'{\"id\":\"2\"}'),(589,1,'backend/event/update',0,NULL,1558354195,'{\"id\":\"2\"}'),(590,1,'backend/event/update',0,NULL,1558354197,'{\"id\":\"2\",\"_csrf\":\"nfM3aEikQnlyZ-TMbXMUOG3DTZFUSy2cSTJV6Xu9jMvIpE0ZZZByDgJRq69fGl1iVIB71z88bvEYADy7Gtb1hw==\",\"Event\":{\"name\":\"Layout页面结尾\",\"event\":\"endPage\",\"level\":\"View\",\"intro\":\"\",\"is_backend\":\"1\"},\"ajax\":\"event-form\"}'),(591,1,'backend/event/update',0,NULL,1558354198,'{\"id\":\"2\",\"_csrf\":\"nfM3aEikQnlyZ-TMbXMUOG3DTZFUSy2cSTJV6Xu9jMvIpE0ZZZByDgJRq69fGl1iVIB71z88bvEYADy7Gtb1hw==\",\"Event\":{\"name\":\"Layout页面结尾\",\"event\":\"endPage\",\"level\":\"View\",\"intro\":\"\",\"is_backend\":\"1\"},\"ajax\":\"event-form\"}'),(592,1,'backend/event/update',0,NULL,1558354202,'{\"id\":\"2\",\"_csrf\":\"nfM3aEikQnlyZ-TMbXMUOG3DTZFUSy2cSTJV6Xu9jMvIpE0ZZZByDgJRq69fGl1iVIB71z88bvEYADy7Gtb1hw==\",\"Event\":{\"name\":\"Layout页面结尾\",\"event\":\"endPage\",\"level\":\"View\",\"intro\":\"dddd\",\"is_backend\":\"1\"},\"ajax\":\"event-form\"}'),(593,1,'backend/event/update',0,NULL,1558354203,'{\"id\":\"2\",\"_csrf\":\"nfM3aEikQnlyZ-TMbXMUOG3DTZFUSy2cSTJV6Xu9jMvIpE0ZZZByDgJRq69fGl1iVIB71z88bvEYADy7Gtb1hw==\",\"Event\":{\"name\":\"Layout页面结尾\",\"event\":\"endPage\",\"level\":\"View\",\"intro\":\"dddd\",\"is_backend\":\"1\"}}'),(594,1,'backend/event/index',0,NULL,1558354205,'[]'),(595,1,'backend/event/update',0,NULL,1558354208,'{\"id\":\"2\"}'),(596,1,'backend/event/update',0,NULL,1558354212,'{\"id\":\"2\",\"_csrf\":\"JaBt_lmDe_uc6CjBjnPmHTtdNzgOkL4cF8HzLs7tqrtw9xePdLdLjOzeZ6K8Gq9HAh4BfmXn_XFG85p8r4bT9w==\",\"Event\":{\"name\":\"Layout页面结尾\",\"event\":\"endPage\",\"level\":\"View\",\"intro\":\"dddd\",\"is_backend\":\"0\"},\"ajax\":\"event-form\"}'),(597,1,'backend/event/update',0,NULL,1558354213,'{\"id\":\"2\",\"_csrf\":\"JaBt_lmDe_uc6CjBjnPmHTtdNzgOkL4cF8HzLs7tqrtw9xePdLdLjOzeZ6K8Gq9HAh4BfmXn_XFG85p8r4bT9w==\",\"Event\":{\"name\":\"Layout页面结尾\",\"event\":\"endPage\",\"level\":\"View\",\"intro\":\"dddd\",\"is_backend\":\"0\"},\"ajax\":\"event-form\"}'),(598,1,'backend/event/update',0,NULL,1558354214,'{\"id\":\"2\",\"_csrf\":\"JaBt_lmDe_uc6CjBjnPmHTtdNzgOkL4cF8HzLs7tqrtw9xePdLdLjOzeZ6K8Gq9HAh4BfmXn_XFG85p8r4bT9w==\",\"Event\":{\"name\":\"Layout页面结尾\",\"event\":\"endPage\",\"level\":\"View\",\"intro\":\"dddd\",\"is_backend\":\"0\"}}'),(599,1,'backend/event/index',0,NULL,1558354215,'[]'),(600,1,'backend/profile/index',0,NULL,1558355903,'[]'),(601,1,'backend/profile/index',0,NULL,1558355908,'{\"_csrf\":\"U4AuxCPF8AcT574c4CRhiO7JsJlfIepFzNvUTA4ua2YG11S1DvHAcGPR8X_STSjS14qG3zRWqSid6b0eb0USKg==\",\"crop\":\"\",\"User\":{\"username\":\"admin\",\"nick_name\":\"管理员\",\"password\":\"\",\"email\":\"dungang@126.com\",\"tel\":\"3434343\",\"avatar\":\"\",\"mobile\":\"15355498106\",\"dingding\":\"12323235\",\"wechat\":\"55666666\",\"qq\":\"\",\"wangwang\":\"\",\"position\":\"工程师1\"},\"avatar_crop\":\"{\\\"x\\\":100.26666666666667,\\\"y\\\":100.26666666666667,\\\"x2\\\":200.53333333333333,\\\"y2\\\":200.53333333333333,\\\"w\\\":100.26666666666667,\\\"h\\\":100.26666666666667}\",\"ajax\":\"profile-form\"}'),(602,1,'backend/profile/index',0,NULL,1558355911,'{\"_csrf\":\"U4AuxCPF8AcT574c4CRhiO7JsJlfIepFzNvUTA4ua2YG11S1DvHAcGPR8X_STSjS14qG3zRWqSid6b0eb0USKg==\",\"crop\":\"\",\"User\":{\"username\":\"admin\",\"nick_name\":\"管理员\",\"password\":\"\",\"email\":\"dungang@126.com\",\"tel\":\"3434343\",\"avatar\":\"\",\"mobile\":\"15355498106\",\"dingding\":\"12323235\",\"wechat\":\"55666666\",\"qq\":\"\",\"wangwang\":\"\",\"position\":\"工程师1\"},\"avatar_crop\":\"{\\\"x\\\":285.8666666666667,\\\"y\\\":87.46666666666667,\\\"x2\\\":386.1333333333333,\\\"y2\\\":187.73333333333332,\\\"w\\\":100.26666666666667,\\\"h\\\":100.26666666666667}\",\"ajax\":\"profile-form\"}'),(603,1,'backend/profile/index',0,NULL,1558355912,'{\"_csrf\":\"U4AuxCPF8AcT574c4CRhiO7JsJlfIepFzNvUTA4ua2YG11S1DvHAcGPR8X_STSjS14qG3zRWqSid6b0eb0USKg==\",\"crop\":\"\",\"User\":{\"username\":\"admin\",\"nick_name\":\"管理员\",\"password\":\"\",\"email\":\"dungang@126.com\",\"tel\":\"3434343\",\"avatar\":\"\",\"mobile\":\"15355498106\",\"dingding\":\"12323235\",\"wechat\":\"55666666\",\"qq\":\"\",\"wangwang\":\"\",\"position\":\"工程师1\"},\"avatar_crop\":\"{\\\"x\\\":285.8666666666667,\\\"y\\\":87.46666666666667,\\\"x2\\\":386.1333333333333,\\\"y2\\\":187.73333333333332,\\\"w\\\":100.26666666666667,\\\"h\\\":100.26666666666667}\"}'),(604,1,'backend/event/index',0,NULL,1558355913,'[]'),(605,1,'backend/profile/index',0,NULL,1558355933,'[]'),(606,1,'backend/profile/index',0,NULL,1558355937,'{\"_csrf\":\"s9nqn5iYc9a4qW5K_IBJNCsnBj8MX3togor17iiygfHmjpDutaxDocifISnO6QBuEmQweWcoOAXTuJy8Sdn4vQ==\",\"crop\":\"\",\"User\":{\"username\":\"admin\",\"nick_name\":\"管理员\",\"password\":\"\",\"email\":\"dungang@126.com\",\"tel\":\"3434343\",\"avatar\":\"\",\"mobile\":\"15355498106\",\"dingding\":\"12323235\",\"wechat\":\"55666666\",\"qq\":\"\",\"wangwang\":\"\",\"position\":\"工程师1\"},\"avatar_crop\":\"{\\\"x\\\":100.05,\\\"y\\\":100.05,\\\"x2\\\":200.1,\\\"y2\\\":200.1,\\\"w\\\":100.05,\\\"h\\\":100.05}\",\"ajax\":\"profile-form\"}'),(607,1,'backend/profile/index',0,NULL,1558355939,'{\"_csrf\":\"s9nqn5iYc9a4qW5K_IBJNCsnBj8MX3togor17iiygfHmjpDutaxDocifISnO6QBuEmQweWcoOAXTuJy8Sdn4vQ==\",\"crop\":\"\",\"User\":{\"username\":\"admin\",\"nick_name\":\"管理员\",\"password\":\"\",\"email\":\"dungang@126.com\",\"tel\":\"3434343\",\"avatar\":\"\",\"mobile\":\"15355498106\",\"dingding\":\"12323235\",\"wechat\":\"55666666\",\"qq\":\"\",\"wangwang\":\"\",\"position\":\"工程师1\"},\"avatar_crop\":\"{\\\"x\\\":100.05,\\\"y\\\":100.05,\\\"x2\\\":280.14,\\\"y2\\\":280.14,\\\"w\\\":180.09,\\\"h\\\":180.09}\",\"ajax\":\"profile-form\"}'),(608,1,'backend/profile/index',0,NULL,1558355941,'{\"_csrf\":\"s9nqn5iYc9a4qW5K_IBJNCsnBj8MX3togor17iiygfHmjpDutaxDocifISnO6QBuEmQweWcoOAXTuJy8Sdn4vQ==\",\"crop\":\"\",\"User\":{\"username\":\"admin\",\"nick_name\":\"管理员\",\"password\":\"\",\"email\":\"dungang@126.com\",\"tel\":\"3434343\",\"avatar\":\"\",\"mobile\":\"15355498106\",\"dingding\":\"12323235\",\"wechat\":\"55666666\",\"qq\":\"\",\"wangwang\":\"\",\"position\":\"工程师1\"},\"avatar_crop\":\"{\\\"x\\\":210.105,\\\"y\\\":40.019999999999996,\\\"x2\\\":390.195,\\\"y2\\\":220.10999999999999,\\\"w\\\":180.09,\\\"h\\\":180.09}\",\"ajax\":\"profile-form\"}'),(609,1,'backend/profile/index',0,NULL,1558355943,'{\"_csrf\":\"s9nqn5iYc9a4qW5K_IBJNCsnBj8MX3togor17iiygfHmjpDutaxDocifISnO6QBuEmQweWcoOAXTuJy8Sdn4vQ==\",\"crop\":\"\",\"User\":{\"username\":\"admin\",\"nick_name\":\"管理员\",\"password\":\"\",\"email\":\"dungang@126.com\",\"tel\":\"3434343\",\"avatar\":\"\",\"mobile\":\"15355498106\",\"dingding\":\"12323235\",\"wechat\":\"55666666\",\"qq\":\"\",\"wangwang\":\"\",\"position\":\"工程师1\"},\"avatar_crop\":\"{\\\"x\\\":210.105,\\\"y\\\":40.019999999999996,\\\"x2\\\":390.195,\\\"y2\\\":220.10999999999999,\\\"w\\\":180.09,\\\"h\\\":180.09}\"}'),(610,1,'backend/event/index',0,NULL,1558355944,'[]'),(611,1,'travel/customization/index',0,NULL,1558356411,'[]'),(612,1,'travel/custom-product/custom',0,NULL,1558356416,'{\"TravProductSearch\":{\"customization_id\":\"1\"}}'),(613,1,'travel/custom-product/create',0,NULL,1558356419,'{\"TravCustomProduct\":{\"customization_id\":\"1\"}}'),(614,1,'travel/custom-product/create',0,NULL,1558356423,'{\"TravCustomProduct\":{\"customization_id\":\"1\",\"custom_title\":\"\",\"custom_pic\":\"\"},\"_csrf\":\"sm1UOnbqwegE7SOurCrpK6KIKCJ0tp7BakubBcj3ONHnOi5LW97xn3TbbM2eQ6Bxm8seZB_B3aw7efJXqZxBnQ==\",\"ajax\":\"trav-custom-product-form\"}'),(615,1,'travel/custom-product/create',0,NULL,1558356425,'{\"TravCustomProduct\":{\"customization_id\":\"1\",\"custom_title\":\"dddd\",\"custom_pic\":\"\"},\"_csrf\":\"sm1UOnbqwegE7SOurCrpK6KIKCJ0tp7BakubBcj3ONHnOi5LW97xn3TbbM2eQ6Bxm8seZB_B3aw7efJXqZxBnQ==\",\"ajax\":\"trav-custom-product-form\"}'),(616,1,'travel/custom-product/create',0,NULL,1558356427,'{\"TravCustomProduct\":{\"customization_id\":\"1\",\"custom_title\":\"dddd\",\"custom_pic\":\"\"},\"_csrf\":\"sm1UOnbqwegE7SOurCrpK6KIKCJ0tp7BakubBcj3ONHnOi5LW97xn3TbbM2eQ6Bxm8seZB_B3aw7efJXqZxBnQ==\"}'),(617,1,'travel/custom-product/custom',0,NULL,1558356429,'{\"TravProductSearch\":{\"customization_id\":\"1\"}}'),(618,1,'travel/consultant/index',0,NULL,1558356505,'[]'),(619,1,'travel/consultant/update',0,NULL,1558356508,'{\"id\":\"1\"}'),(620,1,'travel/consultant/update',0,NULL,1558356513,'{\"id\":\"1\",\"_csrf\":\"LuyG86nnAOyMGzY48mBY-4X47B7xp4nERdfOv3WS6M57u_yChNMwm_wteVvACRGhvLvaWJrQyqkU5aftFPmRgg==\",\"crop\":\"\",\"TravConsultant\":{\"user_id\":\"1\",\"is_show\":\"1\",\"pic\":\"\",\"intro\":\"专注澳新旅游10年，随我赴一场澳世飨宴。\",\"sort\":\"1\"},\"pic_crop\":\"{\\\"x\\\":100.05,\\\"y\\\":100.05,\\\"x2\\\":200.1,\\\"y2\\\":200.1,\\\"w\\\":100.05,\\\"h\\\":100.05}\",\"ajax\":\"travel-consultant-form\"}'),(621,1,'travel/consultant/update',0,NULL,1558356516,'{\"id\":\"1\",\"_csrf\":\"LuyG86nnAOyMGzY48mBY-4X47B7xp4nERdfOv3WS6M57u_yChNMwm_wteVvACRGhvLvaWJrQyqkU5aftFPmRgg==\",\"crop\":\"\",\"TravConsultant\":{\"user_id\":\"1\",\"is_show\":\"1\",\"pic\":\"\",\"intro\":\"专注澳新旅游10年，随我赴一场澳世飨宴。\",\"sort\":\"1\"},\"pic_crop\":\"{\\\"x\\\":100.05,\\\"y\\\":100.05,\\\"x2\\\":373.52,\\\"y2\\\":373.52,\\\"w\\\":273.46999999999997,\\\"h\\\":273.46999999999997}\",\"ajax\":\"travel-consultant-form\"}'),(622,1,'travel/consultant/update',0,NULL,1558356518,'{\"id\":\"1\",\"_csrf\":\"LuyG86nnAOyMGzY48mBY-4X47B7xp4nERdfOv3WS6M57u_yChNMwm_wteVvACRGhvLvaWJrQyqkU5aftFPmRgg==\",\"crop\":\"\",\"TravConsultant\":{\"user_id\":\"1\",\"is_show\":\"1\",\"pic\":\"\",\"intro\":\"专注澳新旅游10年，随我赴一场澳世飨宴。\",\"sort\":\"1\"},\"pic_crop\":\"{\\\"x\\\":156.745,\\\"y\\\":36.685,\\\"x2\\\":430.215,\\\"y2\\\":310.155,\\\"w\\\":273.46999999999997,\\\"h\\\":273.46999999999997}\",\"ajax\":\"travel-consultant-form\"}'),(623,1,'travel/consultant/update',0,NULL,1558356520,'{\"id\":\"1\",\"_csrf\":\"LuyG86nnAOyMGzY48mBY-4X47B7xp4nERdfOv3WS6M57u_yChNMwm_wteVvACRGhvLvaWJrQyqkU5aftFPmRgg==\",\"crop\":\"\",\"TravConsultant\":{\"user_id\":\"1\",\"is_show\":\"1\",\"pic\":\"\",\"intro\":\"专注澳新旅游10年，随我赴一场澳世飨宴。\",\"sort\":\"1\"},\"pic_crop\":\"{\\\"x\\\":156.745,\\\"y\\\":36.685,\\\"x2\\\":430.215,\\\"y2\\\":310.155,\\\"w\\\":273.46999999999997,\\\"h\\\":273.46999999999997}\"}'),(624,1,'travel/consultant/index',0,NULL,1558356521,'[]'),(625,1,'travel/consultant/update',0,NULL,1558356525,'{\"id\":\"1\"}'),(626,1,'backend/setting/index',0,NULL,1558356903,'[]'),(627,1,'backend/setting/index',0,NULL,1558356907,'{\"SettingSearch\":{\"category\":\"editor\"}}'),(628,1,'backend/setting/index',0,NULL,1558356910,'{\"SettingSearch\":{\"category\":\"editor\"}}'),(629,1,'backend/setting/update',0,NULL,1558356913,'{\"name\":\"setting.category\"}'),(630,1,'backend/setting/update',0,NULL,1558356919,'{\"name\":\"setting.category\",\"_csrf\":\"SkU0hBccf-0FyBBTY5zdYjS7c8NJqe_As8qrps7B-oAfEk71OihPmnX-XzBR9ZQ4DfhFhSLerK3i-ML0r6qDzA==\",\"Setting\":{\"category\":\"base\",\"title\":\"参数分类\",\"name\":\"setting.category\",\"val_type\":\"ASSOC\",\"value\":\"base:基本设置\\r\\nemail:邮件服务\\r\\nstorage:存储\\r\\nwechat:微信\\r\\neditor:编辑器\\r\\n\",\"hint\":\"每行代表一个关联数组元素，key:val格式\"},\"ajax\":\"sys-setting-form\"}'),(631,1,'backend/setting/update',0,NULL,1558356949,'{\"name\":\"setting.category\",\"_csrf\":\"SkU0hBccf-0FyBBTY5zdYjS7c8NJqe_As8qrps7B-oAfEk71OihPmnX-XzBR9ZQ4DfhFhSLerK3i-ML0r6qDzA==\",\"Setting\":{\"category\":\"base\",\"title\":\"参数分类\",\"name\":\"setting.category\",\"val_type\":\"ASSOC\",\"value\":\"base:基本设置\\r\\nemail:邮件服务\\r\\nstorage:存储\\r\\nwechat:微信\\r\\neditor:编辑器\\r\\n\",\"hint\":\"每行代表一个关联数组元素，key:val格式\"},\"ajax\":\"sys-setting-form\"}'),(632,1,'travel/product/index',0,NULL,1558358170,'[]'),(633,1,'backend/asset/index',0,NULL,1558358176,'[]'),(634,1,'travel/product/index',0,NULL,1558408748,'[]'),(635,1,'travel/customization/index',0,NULL,1558408756,'[]'),(636,1,'travel/customization/update',0,NULL,1558408759,'{\"id\":\"1\"}'),(637,1,'ueditor/upload/index',0,NULL,1558408761,'{\"action\":\"config\",\"noCache\":\"1558408760960\"}'),(638,1,'ueditor/upload/index',0,NULL,1558408916,'{\"action\":\"listimage\",\"start\":\"0\",\"size\":\"20\",\"noCache\":\"1558408915859\"}'),(639,1,'travel/customization/index',0,NULL,1558409108,'[]'),(640,1,'travel/customization/update',0,NULL,1558409111,'{\"id\":\"1\"}'),(641,1,'ueditor/upload/index',0,NULL,1558409113,'{\"action\":\"config\",\"noCache\":\"1558409112806\"}'),(642,1,'travel/customization/index',0,NULL,1558410500,'[]'),(643,1,'travel/customization/update',0,NULL,1558410503,'{\"id\":\"1\"}'),(644,1,'ueditor/upload/index',0,NULL,1558410505,'{\"action\":\"config\",\"noCache\":\"1558410504939\"}'),(645,1,'travel/customization/index',0,NULL,1558410512,'[]'),(646,1,'travel/customization/update',0,NULL,1558410517,'{\"id\":\"1\"}'),(647,1,'ueditor/upload/index',0,NULL,1558410520,'{\"action\":\"config\",\"noCache\":\"1558410518591\"}'),(648,1,'travel/customization/update',0,NULL,1558410522,'{\"id\":\"1\"}'),(649,1,'ueditor/upload/index',0,NULL,1558410525,'{\"action\":\"config\",\"noCache\":\"1558410523742\"}'),(650,1,'travel/customization/update',0,NULL,1558410629,'{\"id\":\"1\"}'),(651,1,'ueditor/upload/index',0,NULL,1558410633,'{\"action\":\"config\",\"noCache\":\"1558410630907\"}'),(652,1,'travel/customization/update',0,NULL,1558410706,'{\"id\":\"1\"}');
INSERT INTO `bai_action_log` VALUES (653,1,'ueditor/upload/index',0,NULL,1558410708,'{\"action\":\"config\",\"noCache\":\"1558410707459\"}'),(654,1,'travel/customization/update',0,NULL,1558410710,'{\"id\":\"1\"}'),(655,1,'ueditor/upload/index',0,NULL,1558410713,'{\"action\":\"config\",\"noCache\":\"1558410711561\"}'),(656,1,'travel/customization/update',0,NULL,1558410714,'{\"id\":\"1\"}'),(657,1,'travel/customization/update',0,NULL,1558410725,'{\"id\":\"1\"}'),(658,1,'ueditor/upload/index',0,NULL,1558410728,'{\"action\":\"config\",\"noCache\":\"1558410726711\"}'),(659,1,'travel/customization/update',0,NULL,1558413522,'{\"id\":\"1\"}'),(660,1,'ueditor/upload/index',0,NULL,1558413525,'{\"action\":\"config\",\"noCache\":\"1558413523715\"}'),(661,1,'travel/customization/update',0,NULL,1558413564,'{\"id\":\"1\"}'),(662,1,'ueditor/upload/index',0,NULL,1558413567,'{\"action\":\"config\",\"noCache\":\"1558413565016\"}'),(663,1,'travel/customization/update',0,NULL,1558413568,'{\"id\":\"1\"}'),(664,1,'ueditor/upload/index',0,NULL,1558413571,'{\"action\":\"config\",\"noCache\":\"1558413569774\"}'),(665,1,'travel/customization/update',0,NULL,1558413620,'{\"id\":\"1\"}'),(666,1,'ueditor/upload/index',0,NULL,1558413623,'{\"action\":\"config\",\"noCache\":\"1558413621483\"}'),(667,1,'travel/customization/update',0,NULL,1558413647,'{\"id\":\"1\"}'),(668,1,'ueditor/upload/index',0,NULL,1558413650,'{\"action\":\"config\",\"noCache\":\"1558413648738\"}'),(669,1,'travel/customization/update',0,NULL,1558413657,'{\"id\":\"1\"}'),(670,1,'ueditor/upload/index',0,NULL,1558413661,'{\"action\":\"config\",\"noCache\":\"1558413658866\"}'),(671,1,'travel/customization/update',0,NULL,1558413677,'{\"id\":\"1\",\"_csrf\":\"pVuAt2Ky4QAUrSImHe6nCIdv2cqUXGR6qzPK3NrBNN3hb7X-E-enenXhVWtLt-Rl4VyL56NkBwvOf7jx6KdNkA==\",\"TravCustomization\":{\"client_id\":\"\",\"title\":\"阿里集团方案\",\"status\":\"1\",\"intro\":\"<p style=\\\"text-align:center\\\"><embed class=\\\"edui-faked-video\\\" pluginspage=\\\"http://www.macromedia.com/go/getflashplayer\\\" src=\\\"http://player.youku.com/player.php/sid/XNDE4NTMyNjc4MA==/v.swf\\\" width=\\\"420\\\" height=\\\"280\\\" wmode=\\\"transparent\\\" play=\\\"true\\\" loop=\\\"false\\\" menu=\\\"false\\\" allowscriptaccess=\\\"never\\\" allowfullscreen=\\\"true\\\"/></p><p>这是一个高端的旅行路线，充满了奇妙的海天盛筵<br/></p>\"},\"ajax\":\"trav-customization-form\"}'),(672,1,'travel/customization/update',0,NULL,1558413680,'{\"id\":\"1\",\"_csrf\":\"pVuAt2Ky4QAUrSImHe6nCIdv2cqUXGR6qzPK3NrBNN3hb7X-E-enenXhVWtLt-Rl4VyL56NkBwvOf7jx6KdNkA==\",\"TravCustomization\":{\"client_id\":\"\",\"title\":\"阿里集团方案\",\"status\":\"1\",\"intro\":\"<p style=\\\"text-align:center\\\"><embed class=\\\"edui-faked-video\\\" pluginspage=\\\"http://www.macromedia.com/go/getflashplayer\\\" src=\\\"http://player.youku.com/player.php/sid/XNDE4NTMyNjc4MA==/v.swf\\\" width=\\\"420\\\" height=\\\"280\\\" wmode=\\\"transparent\\\" play=\\\"true\\\" loop=\\\"false\\\" menu=\\\"false\\\" allowscriptaccess=\\\"never\\\" allowfullscreen=\\\"true\\\"/></p><p>这是一个高端的旅行路线，充满了奇妙的海天盛筵<br/></p>\"},\"ajax\":\"trav-customization-form\"}'),(673,1,'travel/customization/update',0,NULL,1558413686,'{\"id\":\"1\"}'),(674,1,'travel/customization/update',0,NULL,1558413773,'{\"id\":\"1\"}'),(675,1,'ueditor/upload/index',0,NULL,1558413776,'{\"action\":\"config\",\"noCache\":\"1558413774296\"}'),(676,1,'travel/customization/update',0,NULL,1558413792,'{\"id\":\"1\"}'),(677,1,'ueditor/upload/index',0,NULL,1558413795,'{\"action\":\"config\",\"noCache\":\"1558413793535\"}'),(678,1,'travel/customization/update',0,NULL,1558413811,'{\"id\":\"1\"}'),(679,1,'ueditor/upload/index',0,NULL,1558413815,'{\"action\":\"config\",\"noCache\":\"1558413812854\"}'),(680,1,'travel/customization/update',0,NULL,1558413849,'{\"id\":\"1\"}'),(681,1,'ueditor/upload/index',0,NULL,1558413852,'{\"action\":\"config\",\"noCache\":\"1558413849958\"}'),(682,1,'travel/customization/index',0,NULL,1558413866,'[]'),(683,1,'travel/customization/update',0,NULL,1558413869,'{\"id\":\"1\"}'),(684,1,'ueditor/upload/index',0,NULL,1558413870,'{\"action\":\"config\",\"noCache\":\"1558413870386\"}'),(685,1,'backend/setting/index',0,NULL,1558415985,'[]'),(686,1,'backend/setting/index',0,NULL,1558415989,'{\"SettingSearch\":{\"category\":\"editor\"}}'),(687,1,'backend/setting/update',0,NULL,1558415992,'{\"name\":\"editor.default\"}'),(688,1,'backend/setting/update',0,NULL,1558416013,'{\"name\":\"editor.default\",\"_csrf\":\"iD2Pi-hVJjSeTjIZMqxGoi_ruOWBtpCw5oxPnyH8zn3MCbrCmQBgTv8CRVRk9QXPSdjqyLaO88GDwD2yE5q3MA==\",\"Setting\":{\"category\":\"editor\",\"title\":\"默认编辑器\",\"name\":\"editor.default\",\"val_type\":\"STR\",\"value\":\"\\\\app\\\\addons\\\\wangeditor\\\\widgets\\\\WangEditor\",\"hint\":\"这里动态配置系统的编辑器\"},\"ajax\":\"sys-setting-form\"}'),(689,1,'backend/setting/update',0,NULL,1558416014,'{\"name\":\"editor.default\",\"_csrf\":\"iD2Pi-hVJjSeTjIZMqxGoi_ruOWBtpCw5oxPnyH8zn3MCbrCmQBgTv8CRVRk9QXPSdjqyLaO88GDwD2yE5q3MA==\",\"Setting\":{\"category\":\"editor\",\"title\":\"默认编辑器\",\"name\":\"editor.default\",\"val_type\":\"STR\",\"value\":\"\\\\app\\\\addons\\\\wangeditor\\\\widgets\\\\WangEditor\",\"hint\":\"这里动态配置系统的编辑器\"}}'),(690,1,'backend/setting/index',0,NULL,1558416016,'{\"SettingSearch\":{\"category\":\"editor\"}}'),(691,1,'travel/customization/index',0,NULL,1558416035,'[]'),(692,1,'travel/customization/update',0,NULL,1558416059,'{\"id\":\"1\"}'),(693,1,'wangeditor/upload/index',0,NULL,1558416131,'{\"_csrf\":\"_Mpdb6wu5xi4giaKDVAOS8NPoR2eB0dFr1izFVg4A3G4_mgm3XuhYtnOUcdbCU0mpXzzMKk_JDTKFME4al56PA==\"}'),(694,1,'travel/customization/update',0,NULL,1558416681,'{\"id\":\"1\",\"_csrf\":\"_Mpdb6wu5xi4giaKDVAOS8NPoR2eB0dFr1izFVg4A3G4_mgm3XuhYtnOUcdbCU0mpXzzMKk_JDTKFME4al56PA==\",\"TravCustomization\":{\"client_id\":\"\",\"title\":\"阿里集团方案\",\"status\":\"1\",\"intro\":\"<p style=\\\"text-align:center\\\"><embed class=\\\"edui-faked-video\\\" pluginspage=\\\"http://www.macromedia.com/go/getflashplayer\\\" src=\\\"http://player.youku.com/player.php/sid/XNDE4NTMyNjc4MA==/v.swf\\\" wmode=\\\"transparent\\\" play=\\\"true\\\" loop=\\\"false\\\" menu=\\\"false\\\" allowscriptaccess=\\\"never\\\" allowfullscreen=\\\"true\\\" width=\\\"420\\\" height=\\\"280\\\"></p><p>这是一个高端的旅行路线，充满了奇妙的海天盛筵<br></p><p><iframe src=\\\"http://player.youku.com/embed/XNDE5MDAxMTI2MA==\\\" \'allowfullscreen\'=\\\"\\\" width=\\\"510\\\" height=\\\"498\\\" frameborder=\\\"0\\\"></iframe></p><p><br></p>\"},\"ajax\":\"trav-customization-form\"}'),(695,1,'travel/customization/update',0,NULL,1558416682,'{\"id\":\"1\",\"_csrf\":\"_Mpdb6wu5xi4giaKDVAOS8NPoR2eB0dFr1izFVg4A3G4_mgm3XuhYtnOUcdbCU0mpXzzMKk_JDTKFME4al56PA==\",\"TravCustomization\":{\"client_id\":\"\",\"title\":\"阿里集团方案\",\"status\":\"1\",\"intro\":\"<p style=\\\"text-align:center\\\"><embed class=\\\"edui-faked-video\\\" pluginspage=\\\"http://www.macromedia.com/go/getflashplayer\\\" src=\\\"http://player.youku.com/player.php/sid/XNDE4NTMyNjc4MA==/v.swf\\\" wmode=\\\"transparent\\\" play=\\\"true\\\" loop=\\\"false\\\" menu=\\\"false\\\" allowscriptaccess=\\\"never\\\" allowfullscreen=\\\"true\\\" width=\\\"420\\\" height=\\\"280\\\"></p><p>这是一个高端的旅行路线，充满了奇妙的海天盛筵<br></p><p><iframe src=\\\"http://player.youku.com/embed/XNDE5MDAxMTI2MA==\\\" \'allowfullscreen\'=\\\"\\\" width=\\\"510\\\" height=\\\"498\\\" frameborder=\\\"0\\\"></iframe></p><p><br></p>\"}}'),(696,1,'travel/custom-product/index',0,NULL,1558416684,'{\"TravCustomProductSearch\":{\"customization_id\":\"1\"}}'),(697,1,'travel/customization/update',0,NULL,1558416723,'{\"id\":\"1\"}'),(698,1,'travel/customization/update',0,NULL,1558417372,'{\"id\":\"1\"}'),(699,1,'travel/customization/update',0,NULL,1558419967,'{\"id\":\"1\"}'),(700,1,'travel/customization/update',0,NULL,1558420247,'{\"id\":\"1\"}'),(701,1,'travel/customization/update',0,NULL,1558420266,'{\"id\":\"1\"}'),(702,1,'travel/customization/update',0,NULL,1558420287,'{\"id\":\"1\"}'),(703,1,'travel/customization/update',0,NULL,1558420305,'{\"id\":\"1\"}'),(704,1,'travel/customization/update',0,NULL,1558421029,'{\"id\":\"1\"}'),(705,1,'travel/customization/update',0,NULL,1558421052,'{\"id\":\"1\"}'),(706,1,'travel/customization/update',0,NULL,1558421164,'{\"id\":\"1\"}'),(707,1,'travel/customization/update',0,NULL,1558421193,'{\"id\":\"1\"}'),(708,1,'travel/customization/update',0,NULL,1558421224,'{\"id\":\"1\"}'),(709,1,'travel/customization/update',0,NULL,1558421257,'{\"id\":\"1\"}'),(710,1,'travel/customization/update',0,NULL,1558421307,'{\"id\":\"1\"}'),(711,1,'travel/customization/update',0,NULL,1558421319,'{\"id\":\"1\"}'),(712,1,'travel/customization/update',0,NULL,1558421341,'{\"id\":\"1\"}'),(713,1,'travel/customization/update',0,NULL,1558421389,'{\"id\":\"1\"}'),(714,1,'travel/customization/update',0,NULL,1558421443,'{\"id\":\"1\"}'),(715,1,'travel/customization/update',0,NULL,1558421567,'{\"id\":\"1\",\"_csrf\":\"T3E4djFbgiZcY635MRlVyQWOEoCkoIWq9m1FnS3AD8MLRQ0_QA7EXD0v2rRnQBakY71ArZOY5tuTITewH6Z2jg==\",\"TravCustomization\":{\"client_id\":\"\",\"title\":\"阿里集团方案\",\"status\":\"1\",\"intro\":\"<p style=\\\"text-align:center\\\"><embed class=\\\"edui-faked-video\\\" pluginspage=\\\"http://www.macromedia.com/go/getflashplayer\\\" src=\\\"http://player.youku.com/player.php/sid/XNDE4NTMyNjc4MA==/v.swf\\\" wmode=\\\"transparent\\\" play=\\\"true\\\" loop=\\\"false\\\" menu=\\\"false\\\" allowscriptaccess=\\\"never\\\" allowfullscreen=\\\"true\\\" width=\\\"420\\\" height=\\\"280\\\"></p><p>这是一个高端的旅行路线，充满了奇妙的海天盛筵</p><p><iframe class=\\\"ifra-video\\\" src=\\\"http://player.youku.com/embed/XMjkzMzM4MTQ1Ng==\\\" \'allowfullscreen\'=\\\"\\\" width=\\\"510\\\" height=\\\"498\\\" frameborder=\\\"0\\\"></iframe></p><p><br></p><p><br></p>\"},\"ajax\":\"trav-customization-form\"}'),(716,1,'travel/customization/update',0,NULL,1558421569,'{\"id\":\"1\",\"_csrf\":\"T3E4djFbgiZcY635MRlVyQWOEoCkoIWq9m1FnS3AD8MLRQ0_QA7EXD0v2rRnQBakY71ArZOY5tuTITewH6Z2jg==\",\"TravCustomization\":{\"client_id\":\"\",\"title\":\"阿里集团方案\",\"status\":\"1\",\"intro\":\"<p style=\\\"text-align:center\\\"><embed class=\\\"edui-faked-video\\\" pluginspage=\\\"http://www.macromedia.com/go/getflashplayer\\\" src=\\\"http://player.youku.com/player.php/sid/XNDE4NTMyNjc4MA==/v.swf\\\" wmode=\\\"transparent\\\" play=\\\"true\\\" loop=\\\"false\\\" menu=\\\"false\\\" allowscriptaccess=\\\"never\\\" allowfullscreen=\\\"true\\\" width=\\\"420\\\" height=\\\"280\\\"></p><p>这是一个高端的旅行路线，充满了奇妙的海天盛筵</p><p><iframe class=\\\"ifra-video\\\" src=\\\"http://player.youku.com/embed/XMjkzMzM4MTQ1Ng==\\\" \'allowfullscreen\'=\\\"\\\" width=\\\"510\\\" height=\\\"498\\\" frameborder=\\\"0\\\"></iframe></p><p><br></p><p><br></p>\"}}'),(717,1,'travel/customization/update',0,NULL,1558421570,'{\"id\":\"1\"}'),(718,1,'travel/customization/index',0,NULL,1558422026,'[]'),(719,1,'backend/asset/index',0,NULL,1558423336,'[]'),(720,1,'travel/customization/update',0,NULL,1558423349,'{\"id\":\"1\"}'),(721,1,'backend/asset/create',0,NULL,1558426187,'[]'),(722,1,'travel/customization/index',0,NULL,1558426751,'[]'),(723,1,'travel/product/index',0,NULL,1558430384,'[]'),(724,1,'backend/auth-role/index',0,NULL,1558430812,'[]'),(725,1,'backend/auth-role/index',0,NULL,1558430861,'[]'),(726,1,'backend/auth-role/index',0,NULL,1558430865,'{\"AuthRoleSearch\":{\"group_name\":\"frontend\"}}'),(727,1,'backend/auth-role/index',0,NULL,1558430868,'{\"AuthRoleSearch\":{\"group_name\":\"backend\"}}'),(728,1,'backend/setting/index',0,NULL,1558430907,'[]'),(729,1,'backend/menu/index',0,NULL,1558430910,'[]'),(730,1,'backend/menu/index',0,NULL,1558430914,'{\"MenuSearch\":{\"is_front\":\"0\"}}'),(731,1,'backend/menu/update',0,NULL,1558431089,'{\"id\":\"10\"}'),(732,1,'backend/menu/update',0,NULL,1558431100,'{\"id\":\"16\"}'),(733,1,'backend/menu/update',0,NULL,1558431109,'{\"id\":\"16\"}'),(734,1,'backend/menu/update',0,NULL,1558431117,'{\"id\":\"16\"}'),(735,1,'backend/menu/update',0,NULL,1558431189,'{\"id\":\"8\"}'),(736,1,'backend/menu/update',0,NULL,1558431195,'{\"id\":\"8\"}'),(737,1,'backend/menu/update',0,NULL,1558431200,'{\"id\":\"10\"}'),(738,1,'backend/menu/index',0,NULL,1558431323,'{\"MenuSearch\":{\"is_front\":\"0\"}}'),(739,1,'backend/menu/index',0,NULL,1558431502,'{\"MenuSearch\":{\"is_front\":\"0\"}}'),(740,1,'backend/menu/index',0,NULL,1558431683,'{\"MenuSearch\":{\"is_front\":\"0\"}}'),(741,1,'backend/menu/view',0,NULL,1558431700,'{\"id\":\"9\"}'),(742,1,'backend/menu/view',0,NULL,1558431821,'{\"id\":\"14\"}'),(743,1,'backend/menu/view',0,NULL,1558431828,'{\"id\":\"4\"}'),(744,1,'backend/menu/index',0,NULL,1558431919,'{\"MenuSearch\":{\"is_front\":\"0\"}}'),(745,1,'backend/menu/update',0,NULL,1558431936,'{\"id\":\"10\"}'),(746,1,'backend/menu/index',0,NULL,1558431974,'{\"MenuSearch\":{\"is_front\":\"0\"}}'),(747,1,'backend/menu/update',0,NULL,1558431981,'{\"id\":\"16\"}'),(748,1,'backend/menu/update',0,NULL,1558431987,'{\"id\":\"13\"}'),(749,1,'backend/menu/index',0,NULL,1558432130,'{\"MenuSearch\":{\"is_front\":\"0\"}}'),(750,1,'backend/menu/update',0,NULL,1558432140,'{\"id\":\"10\"}'),(751,1,'backend/menu/view',0,NULL,1558432152,'{\"id\":\"10\"}'),(752,1,'backend/menu/update',0,NULL,1558432159,'{\"id\":\"10\"}'),(753,1,'backend/menu/update',0,NULL,1558432165,'{\"id\":\"5\"}'),(754,1,'backend/auth-group/index',0,NULL,1558433703,'[]'),(755,1,'backend/auth-group/update',0,NULL,1558433720,'{\"name\":\"backend\"}'),(756,1,'backend/auth-group/permission',0,NULL,1558433749,'{\"AuthPermissionSearch\":{\"group_name\":\"backend\",\"type\":\"1\"}}'),(757,1,'backend/auth-group/permission',0,NULL,1558433835,'{\"AuthPermissionSearch\":{\"group_name\":\"backend\",\"type\":\"1\"}}'),(758,1,'backend/auth-group/assign',0,NULL,1558433842,'{\"group_name\":\"backend\",\"type\":\"1\"}'),(759,1,'backend/auth-group/assign',0,NULL,1558433971,'{\"group_name\":\"backend\",\"type\":\"1\"}'),(760,1,'backend/user/index',0,NULL,1558434668,'[]'),(761,1,'backend/user/update',0,NULL,1558434672,'{\"id\":\"1\"}'),(762,1,'backend/auth-role/index',0,NULL,1558434698,'[]'),(763,1,'backend/user/index',0,NULL,1558434755,'[]'),(764,1,'backend/auth-role/index',0,NULL,1558435036,'[]'),(765,1,'backend/auth-role/permission',0,NULL,1558435040,'{\"name\":\"一般管理员\",\"group_name\":\"backend\",\"_pjax\":\"#role-index\"}'),(766,1,'backend/auth-role/permission',0,NULL,1558435041,'{\"name\":\"一般管理员\",\"group_name\":\"backend\"}'),(767,1,'backend/auth-role/permission',0,NULL,1558435598,'{\"name\":\"一般管理员\",\"group_name\":\"backend\"}'),(768,1,'backend/default/index',0,NULL,1558435684,'[]'),(769,1,'backend/user/index',0,NULL,1558436050,'[]'),(770,1,'backend/auth-role/index',0,NULL,1558436223,'[]'),(771,1,'backend/auth-group/index',0,NULL,1558436226,'[]'),(772,1,'backend/auth-permission/index',0,NULL,1558436230,'[]'),(773,1,'school/student/index',0,NULL,1558436361,'[]'),(774,1,'school/student/create',0,NULL,1558436364,'[]'),(775,1,'backend/user/index',0,NULL,1558438046,'[]'),(776,2,'backend/default/index',0,NULL,1558438078,'[]'),(777,12,'backend/default/index',0,NULL,1558438114,'[]'),(778,12,'backend/default/error',0,NULL,1558438118,'[]'),(779,12,'backend/default/error',0,NULL,1558438126,'[]'),(780,1,'backend/auth-permission/index',0,NULL,1558438169,'[]'),(781,1,'backend/auth-permission/index',0,NULL,1558438173,'{\"is_backend\":\"1\"}'),(782,1,'backend/auth-permission/create',0,NULL,1558438187,'[]'),(783,1,'backend/auth-permission/create',0,NULL,1558438199,'{\"_csrf\":\"WJlGZZPdGralAaXa9J7g8QigLT6Ex5izA_FfvhaB1i0crXMs4ohczMRN0peix6OcbpN_E7P_-8JmvS2TJOevYA==\",\"AuthPermission\":{\"name\":\"/school/console/index\",\"child\":\"\",\"description\":\"\",\"rule_name\":\"\"},\"ajax\":\"auth-permission-form\"}'),(784,1,'backend/auth-permission/create',0,NULL,1558438200,'{\"_csrf\":\"WJlGZZPdGralAaXa9J7g8QigLT6Ex5izA_FfvhaB1i0crXMs4ohczMRN0peix6OcbpN_E7P_-8JmvS2TJOevYA==\",\"AuthPermission\":{\"name\":\"/school/console/index\",\"child\":\"\",\"description\":\"\",\"rule_name\":\"\"},\"ajax\":\"auth-permission-form\"}'),(785,1,'backend/auth-permission/create',0,NULL,1558438210,'{\"_csrf\":\"WJlGZZPdGralAaXa9J7g8QigLT6Ex5izA_FfvhaB1i0crXMs4ohczMRN0peix6OcbpN_E7P_-8JmvS2TJOevYA==\",\"AuthPermission\":{\"name\":\"/school/console/index\",\"child\":\"\",\"description\":\"校园管理首页\",\"rule_name\":\"\"},\"ajax\":\"auth-permission-form\"}'),(786,1,'backend/auth-permission/create',0,NULL,1558438211,'{\"_csrf\":\"WJlGZZPdGralAaXa9J7g8QigLT6Ex5izA_FfvhaB1i0crXMs4ohczMRN0peix6OcbpN_E7P_-8JmvS2TJOevYA==\",\"AuthPermission\":{\"name\":\"/school/console/index\",\"child\":\"\",\"description\":\"校园管理首页\",\"rule_name\":\"\"},\"ajax\":\"auth-permission-form\"}'),(787,1,'backend/auth-permission/create',0,NULL,1558438213,'{\"_csrf\":\"WJlGZZPdGralAaXa9J7g8QigLT6Ex5izA_FfvhaB1i0crXMs4ohczMRN0peix6OcbpN_E7P_-8JmvS2TJOevYA==\",\"AuthPermission\":{\"name\":\"/school/console/index\",\"child\":\"\",\"description\":\"校园管理首页\",\"rule_name\":\"\"}}'),(788,1,'backend/auth-permission/index',0,NULL,1558438214,'{\"is_backend\":\"0\"}'),(789,1,'backend/auth-permission/index',0,NULL,1558438219,'{\"is_backend\":\"0\"}'),(790,1,'backend/auth-permission/index',0,NULL,1558438223,'{\"is_backend\":\"1\"}'),(791,1,'backend/auth-permission/update',0,NULL,1558438264,'{\"name\":\"/school/console/index\"}'),(792,1,'backend/auth-role/index',0,NULL,1558438334,'[]'),(793,1,'backend/auth-group/index',0,NULL,1558438337,'[]'),(794,1,'backend/auth-group/permission',0,NULL,1558438341,'{\"AuthPermissionSearch\":{\"group_name\":\"backend\",\"type\":\"1\"}}'),(795,1,'backend/auth-group/index',0,NULL,1558438345,'[]'),(796,1,'backend/auth-group/index',0,NULL,1558438349,'{\"AuthGroupSearch\":{\"type\":\"2\"}}'),(797,1,'backend/auth-group/permission',0,NULL,1558438359,'{\"AuthPermissionSearch\":{\"group_name\":\"school-manage\",\"type\":\"2\"}}'),(798,1,'backend/auth-group/assign',0,NULL,1558438362,'{\"group_name\":\"school-manage\",\"type\":\"2\"}'),(799,1,'backend/auth-group/assign',0,NULL,1558438375,'{\"group_name\":\"school-manage\",\"type\":\"2\",\"_csrf\":\"qWv4ulih6wFaw-Fxbsvl1awRE4qo1CnPcxWYGaLTNGbtX83zKfStezuPljw4kqa4yiJBp5_sSr4WWeo0kLVNKw==\",\"name\":[\"/school/student/index\",\"/school/console/index\"]}'),(800,1,'backend/auth-group/permission',0,NULL,1558438377,'{\"AuthPermissionSearch\":{\"group_name\":\"school-manage\"}}'),(801,12,'backend/default/error',0,NULL,1558438382,'[]'),(802,12,'backend/default/error',0,NULL,1558438414,'[]'),(803,12,'backend/default/error',0,NULL,1558438490,'[]'),(804,1,'backend/user/index',0,NULL,1558438527,'[]'),(805,1,'backend/user/update',0,NULL,1558438531,'{\"id\":\"12\"}'),(806,1,'backend/auth-role/index',0,NULL,1558438551,'[]'),(807,1,'backend/auth-role/permission',0,NULL,1558438557,'{\"name\":\"学校管理员\",\"group_name\":\"frontend\",\"_pjax\":\"#role-index\"}'),(808,1,'backend/auth-role/permission',0,NULL,1558438558,'{\"name\":\"学校管理员\",\"group_name\":\"frontend\"}'),(809,1,'backend/auth-group/index',0,NULL,1558438588,'[]'),(810,1,'backend/auth-group/permission',0,NULL,1558438601,'{\"AuthPermissionSearch\":{\"group_name\":\"school-manage\",\"type\":\"2\"}}'),(811,1,'backend/auth-group/index',0,NULL,1558438604,'{\"AuthGroupSearch\":{\"type\":\"2\"}}'),(812,1,'backend/auth-group/permission',0,NULL,1558438646,'{\"AuthPermissionSearch\":{\"group_name\":\"frontend\",\"type\":\"1\"}}'),(813,1,'backend/auth-group/index',0,NULL,1558438650,'{\"AuthGroupSearch\":{\"type\":\"1\"}}'),(814,1,'backend/auth-group/index',0,NULL,1558438654,'{\"AuthGroupSearch\":{\"type\":\"2\"}}'),(815,1,'backend/auth-role/index',0,NULL,1558438664,'[]'),(816,1,'backend/auth-role/index',0,NULL,1558438668,'{\"AuthRoleSearch\":{\"group_name\":\"frontend\"}}'),(817,1,'backend/auth-role/permission',0,NULL,1558438671,'{\"name\":\"学校管理员\",\"group_name\":\"frontend\",\"_pjax\":\"#role-index\"}'),(818,1,'backend/auth-role/permission',0,NULL,1558438672,'{\"name\":\"学校管理员\",\"group_name\":\"frontend\"}'),(819,1,'backend/auth-group/index',0,NULL,1558439117,'[]'),(820,1,'backend/auth-group/update',0,NULL,1558439122,'{\"name\":\"frontend\"}'),(821,1,'backend/auth-group/update',0,NULL,1558439128,'{\"name\":\"frontend\",\"_csrf\":\"ilT1CsoQsxrQDhrM4acV5UkKJSV6N0Bt2UaBjwBZ9lTOYMBDu0X1YLFCbYG3_laILzl3CE0PIxy8CvOiMj-PGQ==\",\"AuthGroup\":{\"type\":\"1\",\"title\":\"前台用户\",\"name\":\"frontend\",\"is_backend\":\"1\"},\"ajax\":\"auth-group-form\"}'),(822,1,'backend/auth-group/update',0,NULL,1558439140,'{\"name\":\"frontend\",\"_csrf\":\"ilT1CsoQsxrQDhrM4acV5UkKJSV6N0Bt2UaBjwBZ9lTOYMBDu0X1YLFCbYG3_laILzl3CE0PIxy8CvOiMj-PGQ==\",\"AuthGroup\":{\"type\":\"1\",\"title\":\"前台用户\",\"name\":\"frontend\",\"is_backend\":\"1\"},\"ajax\":\"auth-group-form\"}'),(823,1,'backend/auth-group/index',0,NULL,1558439148,'[]'),(824,1,'backend/auth-group/update',0,NULL,1558439152,'{\"name\":\"frontend\"}'),(825,1,'backend/auth-group/update',0,NULL,1558439155,'{\"name\":\"frontend\",\"_csrf\":\"x5Nb4Vsv6BW-Zs-0vUN30GOYgMaShxKcZNSVfzouToiDp26oKnqub98quPnrGjS9BavS66W_ce0BmOdSCEg3xQ==\",\"AuthGroup\":{\"type\":\"1\",\"title\":\"前台用户\",\"name\":\"frontend\",\"is_backend\":\"0\"},\"ajax\":\"auth-group-form\"}'),(826,1,'backend/auth-group/update',0,NULL,1558439155,'{\"name\":\"frontend\",\"_csrf\":\"x5Nb4Vsv6BW-Zs-0vUN30GOYgMaShxKcZNSVfzouToiDp26oKnqub98quPnrGjS9BavS66W_ce0BmOdSCEg3xQ==\",\"AuthGroup\":{\"type\":\"1\",\"title\":\"前台用户\",\"name\":\"frontend\",\"is_backend\":\"0\"},\"ajax\":\"auth-group-form\"}'),(827,1,'backend/auth-group/update',0,NULL,1558439157,'{\"name\":\"frontend\",\"_csrf\":\"x5Nb4Vsv6BW-Zs-0vUN30GOYgMaShxKcZNSVfzouToiDp26oKnqub98quPnrGjS9BavS66W_ce0BmOdSCEg3xQ==\",\"AuthGroup\":{\"type\":\"1\",\"title\":\"前台用户\",\"name\":\"frontend\",\"is_backend\":\"0\"}}'),(828,1,'backend/auth-group/index',0,NULL,1558439158,'[]'),(829,1,'backend/auth-role/index',0,NULL,1558439166,'[]'),(830,1,'backend/auth-role/index',0,NULL,1558439169,'{\"AuthRoleSearch\":{\"group_name\":\"frontend\"}}'),(831,1,'backend/auth-role/permission',0,NULL,1558439173,'{\"name\":\"学校管理员\",\"group_name\":\"frontend\",\"_pjax\":\"#role-index\"}'),(832,1,'backend/auth-role/permission',0,NULL,1558439173,'{\"name\":\"学校管理员\",\"group_name\":\"frontend\"}'),(833,1,'backend/auth-role/permission',0,NULL,1558439180,'{\"name\":\"学校管理员\",\"group_name\":\"frontend\",\"_csrf\":\"oJFJ9ztlW5nlutZZEsZ-i7jDUcYVv1q-tJ6zf6PRHxrkpXy-SjAd44T2oRREnz3m3vAD6yKHOc_R0sFSkbdmVw==\",\"permission\":[\"/school/console/index,/school/student/index\",\"\"]}'),(834,1,'backend/auth-role/permission',0,NULL,1558439181,'{\"name\":\"学校管理员\",\"group_name\":\"frontend\"}'),(835,12,'backend/default/error',0,NULL,1558439190,'[]'),(836,1,'backend/user/index',0,NULL,1558439271,'[]'),(837,1,'backend/user/update',0,NULL,1558439275,'{\"id\":\"12\"}'),(838,1,'backend/user/update',0,NULL,1558439278,'{\"id\":\"12\",\"_csrf\":\"nKKohsl1iib06-3T90Vs1JFMjwsUXpYjQa40XjWY9zbYlp3PuCDMXJWnmp6hHC-593_dJiNm9VIk4kZzB_6Oew==\",\"User\":{\"username\":\"andy.liu\",\"nick_name\":\"张红霞\",\"password\":\"\",\"is_admin\":\"1\",\"email\":\"andy.liu@ndabooking.com\",\"mobile\":\"15355498109\",\"status\":\"10\",\"is_super\":\"0\",\"position\":\"\",\"role\":\"学校管理员\"},\"ajax\":\"user-form\"}'),(839,1,'backend/user/update',0,NULL,1558439280,'{\"id\":\"12\",\"_csrf\":\"nKKohsl1iib06-3T90Vs1JFMjwsUXpYjQa40XjWY9zbYlp3PuCDMXJWnmp6hHC-593_dJiNm9VIk4kZzB_6Oew==\",\"User\":{\"username\":\"andy.liu\",\"nick_name\":\"张红霞\",\"password\":\"\",\"is_admin\":\"1\",\"email\":\"andy.liu@ndabooking.com\",\"mobile\":\"15355498109\",\"status\":\"10\",\"is_super\":\"0\",\"position\":\"\",\"role\":\"学校管理员\"}}'),(840,1,'backend/user/index',0,NULL,1558439282,'[]'),(841,1,'backend/user/update',0,NULL,1558440024,'{\"id\":\"1\"}'),(842,1,'backend/user/update',0,NULL,1558440034,'{\"id\":\"2\"}'),(843,1,'backend/user/update',0,NULL,1558440225,'{\"id\":\"12\"}'),(844,1,'backend/user/update',0,NULL,1558440226,'{\"id\":\"12\",\"_csrf\":\"P28O5yAy1QhKjFeJv3ymzyOI50-vjdxD_ZKcOF9biLB7WzuuUWeTcivAIMTpJeWiRbu1Ypi1vzKY3u4VbT3x_Q==\",\"User\":{\"username\":\"andy.liu\",\"nick_name\":\"张红霞\",\"password\":\"\",\"is_admin\":\"1\",\"email\":\"andy.liu@ndabooking.com\",\"mobile\":\"15355498109\",\"status\":\"10\",\"is_super\":\"0\",\"position\":\"\",\"role\":\"学校管理员\"},\"ajax\":\"user-form\"}'),(845,1,'backend/user/update',0,NULL,1558440228,'{\"id\":\"12\",\"_csrf\":\"P28O5yAy1QhKjFeJv3ymzyOI50-vjdxD_ZKcOF9biLB7WzuuUWeTcivAIMTpJeWiRbu1Ypi1vzKY3u4VbT3x_Q==\",\"User\":{\"username\":\"andy.liu\",\"nick_name\":\"张红霞\",\"password\":\"\",\"is_admin\":\"1\",\"email\":\"andy.liu@ndabooking.com\",\"mobile\":\"15355498109\",\"status\":\"10\",\"is_super\":\"0\",\"position\":\"\",\"role\":\"学校管理员\"}}'),(846,1,'backend/user/index',0,NULL,1558440229,'[]'),(847,12,'backend/default/error',0,NULL,1558440241,'[]'),(848,1,'backend/user/update',0,NULL,1558440543,'{\"id\":\"12\"}'),(849,1,'backend/user/update',0,NULL,1558440546,'{\"id\":\"12\",\"_csrf\":\"NKWnqs2DbhrvmS85mVpE8rCxqwruFYbrooKXyfMoZsdwkZLjvNYoYI7VWHTPAwef1oL5J9kt5ZrHzuXkwU4fig==\",\"User\":{\"username\":\"andy.liu\",\"nick_name\":\"张红霞\",\"password\":\"\",\"is_admin\":\"1\",\"email\":\"andy.liu@ndabooking.com\",\"mobile\":\"15355498109\",\"status\":\"10\",\"is_super\":\"0\",\"position\":\"\",\"role\":\"学校管理员\"},\"ajax\":\"user-form\"}'),(850,1,'backend/user/update',0,NULL,1558441421,'{\"id\":\"12\",\"_csrf\":\"NKWnqs2DbhrvmS85mVpE8rCxqwruFYbrooKXyfMoZsdwkZLjvNYoYI7VWHTPAwef1oL5J9kt5ZrHzuXkwU4fig==\",\"User\":{\"username\":\"andy.liu\",\"nick_name\":\"张红霞\",\"password\":\"\",\"is_admin\":\"1\",\"email\":\"andy.liu@ndabooking.com\",\"mobile\":\"15355498109\",\"status\":\"10\",\"is_super\":\"0\",\"position\":\"\",\"role\":\"学校管理员\"}}'),(851,1,'backend/user/index',0,NULL,1558441423,'[]'),(852,12,'backend/default/error',0,NULL,1558441450,'[]'),(853,12,'backend/default/error',0,NULL,1558441453,'[]'),(854,12,'backend/default/error',0,NULL,1558441612,'[]'),(855,1,'backend/user/update',0,NULL,1558442463,'{\"id\":\"12\"}'),(856,1,'backend/user/update',0,NULL,1558442466,'{\"id\":\"12\",\"_csrf\":\"je5VWvT5pjJXdX6gANfpK7B2M--VmV1pJ6NrFcOqi7vJ2mAThazgSDY5Ce1WjqpG1kVhwqKhPhhC7xk48czy9g==\",\"User\":{\"username\":\"andy.liu\",\"nick_name\":\"张红霞\",\"password\":\"\",\"is_admin\":\"1\",\"email\":\"andy.liu@ndabooking.com\",\"mobile\":\"15355498109\",\"status\":\"10\",\"is_super\":\"0\",\"position\":\"\",\"role\":\"学校管理员\"},\"ajax\":\"user-form\"}'),(857,1,'backend/user/update',0,NULL,1558442468,'{\"id\":\"12\",\"_csrf\":\"je5VWvT5pjJXdX6gANfpK7B2M--VmV1pJ6NrFcOqi7vJ2mAThazgSDY5Ce1WjqpG1kVhwqKhPhhC7xk48czy9g==\",\"User\":{\"username\":\"andy.liu\",\"nick_name\":\"张红霞\",\"password\":\"\",\"is_admin\":\"1\",\"email\":\"andy.liu@ndabooking.com\",\"mobile\":\"15355498109\",\"status\":\"10\",\"is_super\":\"0\",\"position\":\"\",\"role\":\"学校管理员\"}}'),(858,1,'backend/user/index',0,NULL,1558442470,'[]'),(859,1,'backend/user/update',0,NULL,1558442473,'{\"id\":\"11\"}'),(860,1,'backend/user/update',0,NULL,1558442476,'{\"id\":\"11\",\"_csrf\":\"lJMfAAcxK09f1m2K4JqTTyEOsg3FNGROGt0X4DzbCgjQpypJdmRtNT6aGse2w9AiRz3gIPIMBz9_kWXNDr1zRQ==\",\"User\":{\"username\":\"jackliu\",\"nick_name\":\"刘德华\",\"password\":\"\",\"is_admin\":\"0\",\"email\":\"jeckliu@nda.com\",\"mobile\":\"15355498107\",\"status\":\"10\",\"is_super\":\"0\",\"position\":\"\",\"role\":\"学校管理员\"},\"ajax\":\"user-form\"}'),(861,1,'backend/user/update',0,NULL,1558442477,'{\"id\":\"11\",\"_csrf\":\"lJMfAAcxK09f1m2K4JqTTyEOsg3FNGROGt0X4DzbCgjQpypJdmRtNT6aGse2w9AiRz3gIPIMBz9_kWXNDr1zRQ==\",\"User\":{\"username\":\"jackliu\",\"nick_name\":\"刘德华\",\"password\":\"\",\"is_admin\":\"0\",\"email\":\"jeckliu@nda.com\",\"mobile\":\"15355498107\",\"status\":\"10\",\"is_super\":\"0\",\"position\":\"\",\"role\":\"学校管理员\"},\"ajax\":\"user-form\"}'),(862,1,'backend/user/update',0,NULL,1558442478,'{\"id\":\"11\",\"_csrf\":\"lJMfAAcxK09f1m2K4JqTTyEOsg3FNGROGt0X4DzbCgjQpypJdmRtNT6aGse2w9AiRz3gIPIMBz9_kWXNDr1zRQ==\",\"User\":{\"username\":\"jackliu\",\"nick_name\":\"刘德华\",\"password\":\"\",\"is_admin\":\"0\",\"email\":\"jeckliu@nda.com\",\"mobile\":\"15355498107\",\"status\":\"10\",\"is_super\":\"0\",\"position\":\"\",\"role\":\"学校管理员\"}}'),(863,1,'backend/user/index',0,NULL,1558442480,'[]'),(864,12,'school/console/index',0,NULL,1558442813,'[]'),(865,12,'school/console/index',0,NULL,1558443087,'[]'),(866,12,'school/console/index',0,NULL,1558443174,'[]'),(867,1,'backend/user/index',0,NULL,1558443254,'[]'),(868,12,'school/console/index',0,NULL,1558443274,'[]'),(869,12,'school/console/index',0,NULL,1558443281,'[]'),(870,1,'backend/auth-role/index',0,NULL,1558443561,'[]'),(871,1,'backend/auth-role/update',0,NULL,1558443564,'{\"name\":\"一般管理员\"}'),(872,1,'backend/auth-permission/index',0,NULL,1558443573,'[]'),(873,1,'backend/auth-permission/index',0,NULL,1558443577,'{\"is_backend\":\"0\"}'),(874,1,'backend/auth-permission/update',0,NULL,1558443580,'{\"name\":\"/school/console/index\"}'),(875,1,'backend/auth-permission/index',0,NULL,1558444076,'{\"is_backend\":\"0\"}'),(876,1,'backend/auth-permission/index',0,NULL,1558446458,'{\"is_backend\":\"0\"}'),(877,1,'backend/auth-permission/index',0,NULL,1558446469,'{\"is_backend\":\"0\"}'),(878,1,'backend/default/error',0,NULL,1558446488,'[]'),(879,12,'backend/default/error',0,NULL,1558448698,'[]'),(880,12,'school/console/index',0,NULL,1558448782,'[]'),(881,12,'school/console/index',0,NULL,1558448843,'[]'),(882,12,'backend/default/error',0,NULL,1558448859,'[]'),(883,12,'school/console/index',0,NULL,1558448861,'[]'),(884,12,'backend/default/error',0,NULL,1558449421,'[]'),(885,1,'travel/product/index',0,NULL,1558489402,'[]'),(886,12,'backend/default/index',0,NULL,1558489705,'[]'),(887,12,'travel/product/index',0,NULL,1558489718,'[]'),(888,1,'backend/auth-role/index',0,NULL,1558494397,'[]'),(889,1,'backend/user/index',0,NULL,1558494402,'[]'),(890,1,'backend/user/update',0,NULL,1558494405,'{\"id\":\"2\"}'),(891,1,'backend/user/update',0,NULL,1558494412,'{\"id\":\"2\",\"_csrf\":\"FqoAD99posYPQxj0KLfBDwh0rbQKfyPuAXC8_iZAbBNb3m5mr13At0APW4NdwIk2ZjXU0U4mVYtAMtmsVXA9fw==\",\"User\":{\"username\":\"dungang\",\"nick_name\":\"顿刚\",\"password\":\"dg123456\",\"is_admin\":\"1\",\"email\":\"gang.dun@ndabooking.com\",\"mobile\":\"15355498106\",\"status\":\"10\",\"is_super\":\"0\",\"position\":\"\",\"role\":\"一般管理员\"},\"ajax\":\"user-form\"}'),(892,1,'backend/user/update',0,NULL,1558494414,'{\"id\":\"2\",\"_csrf\":\"FqoAD99posYPQxj0KLfBDwh0rbQKfyPuAXC8_iZAbBNb3m5mr13At0APW4NdwIk2ZjXU0U4mVYtAMtmsVXA9fw==\",\"User\":{\"username\":\"dungang\",\"nick_name\":\"顿刚\",\"password\":\"dg123456\",\"is_admin\":\"1\",\"email\":\"gang.dun@ndabooking.com\",\"mobile\":\"15355498106\",\"status\":\"10\",\"is_super\":\"0\",\"position\":\"\",\"role\":\"一般管理员\"}}'),(893,1,'backend/user/index',0,NULL,1558494416,'[]'),(894,2,'backend/default/index',0,NULL,1558494444,'[]'),(895,2,'travel/customization/index',0,NULL,1558494462,'[]'),(896,2,'travel/customization/index',0,NULL,1558495652,'[]'),(897,2,'backend/default/error',0,NULL,1558495667,'[]'),(898,2,'backend/default/error',0,NULL,1558500619,'[]'),(899,1,'backend/default/index',0,NULL,1558500646,'[]'),(900,1,'backend/user/index',0,NULL,1558500664,'[]'),(901,1,'backend/admin/index',0,NULL,1558500675,'[]'),(902,1,'backend/admin/index',0,NULL,1558500887,'[]'),(903,1,'backend/admin/index',0,NULL,1558500963,'[]'),(904,1,'backend/user/index',0,NULL,1558501016,'[]'),(905,1,'backend/user/index',0,NULL,1558502035,'[]'),(906,1,'backend/admin/index',0,NULL,1558502041,'[]'),(907,1,'backend/user/index',0,NULL,1558502124,'[]'),(908,1,'backend/user/index',0,NULL,1558502172,'[]'),(909,1,'backend/user/update',0,NULL,1558502259,'{\"id\":\"10\"}'),(910,1,'backend/user/index',0,NULL,1558502261,'[]'),(911,1,'backend/user/update',0,NULL,1558502266,'{\"id\":\"11\"}'),(912,1,'backend/user/index',0,NULL,1558502268,'[]'),(913,1,'backend/user/update',0,NULL,1558502276,'{\"id\":\"9\"}'),(914,1,'backend/user/index',0,NULL,1558502278,'[]'),(915,1,'backend/user/update',0,NULL,1558502297,'{\"id\":\"11\"}'),(916,1,'backend/user/index',0,NULL,1558502299,'[]'),(917,1,'backend/user/update',0,NULL,1558502438,'{\"id\":\"10\"}'),(918,1,'backend/user/index',0,NULL,1558502440,'[]'),(919,1,'backend/user/update',0,NULL,1558502443,'{\"id\":\"9\"}'),(920,1,'backend/user/index',0,NULL,1558502444,'[]'),(921,1,'backend/user/update',0,NULL,1558502473,'{\"id\":\"10\"}'),(922,1,'backend/user/index',0,NULL,1558502474,'[]'),(923,1,'backend/user/update',0,NULL,1558502616,'{\"id\":\"10\"}'),(924,1,'backend/user/update',0,NULL,1558502801,'{\"id\":\"10\"}'),(925,1,'backend/user/index',0,NULL,1558502830,'[]'),(926,1,'backend/user/update',0,NULL,1558502834,'{\"id\":\"10\"}'),(927,1,'backend/user/index',0,NULL,1558502835,'[]'),(928,1,'backend/user/update',0,NULL,1558502870,'{\"id\":\"10\"}'),(929,1,'backend/user/update',0,NULL,1558502970,'{\"id\":\"10\"}'),(930,1,'backend/user/index',0,NULL,1558502971,'[]'),(931,1,'backend/user/update',0,NULL,1558502975,'{\"id\":\"9\"}'),(932,1,'backend/user/index',0,NULL,1558502976,'[]'),(933,1,'backend/user/update',0,NULL,1558503366,'{\"id\":\"10\"}'),(934,1,'backend/user/update',0,NULL,1558503403,'{\"id\":\"10\"}'),(935,1,'backend/user/update',0,'GET',1558503710,'{\"id\":\"9\"}'),(936,1,'backend/action-log/index',0,'GET',1558503724,'[]'),(937,1,'backend/action-log/view',0,'GET',1558503728,'{\"id\":\"1\"}'),(938,1,'backend/action-log/index',0,'GET',1558503812,'[]'),(939,1,'backend/action-log/index',0,'GET',1558503821,'[]'),(940,1,'backend/action-log/index',0,'GET',1558503834,'[]'),(941,1,'backend/action-log/index',0,'GET',1558503858,'[]'),(942,1,'backend/action-log/index',0,'GET',1558503928,'[]'),(943,1,'backend/user/update',0,'GET',1558503936,'{\"id\":\"11\"}'),(944,1,'backend/action-log/index',0,'GET',1558503940,'[]'),(945,1,'backend/action-log/index',0,'GET',1558504067,'{\"page\":\"18\"}'),(946,1,'backend/action-log/index',0,'GET',1558504071,'{\"page\":\"1\"}'),(947,1,'backend/action-log/view',0,'GET',1558504080,'{\"id\":\"937\"}'),(948,1,'backend/action-log/view',0,'GET',1558504110,'{\"id\":\"929\"}'),(949,1,'user/manage/index',0,'GET',1558504722,'[]'),(950,1,'user/manage/update',0,'GET',1558504730,'{\"id\":\"11\"}'),(951,1,'backend/setting/index',0,'GET',1558504774,'[]'),(952,1,'backend/menu/index',0,'GET',1558504782,'[]'),(953,1,'backend/menu/index',0,'GET',1558504787,'{\"MenuSearch\":{\"is_front\":\"0\"}}'),(954,1,'backend/menu/update',0,'GET',1558504791,'{\"id\":\"11\"}'),(955,1,'backend/menu/update',0,'POST',1558504800,'{\"id\":\"11\",\"_csrf\":\"UF58rIk0Byu61tjjbshPFYk_DzMqZuH4rzCLvOqgLpxhJjDGsAJBbcOdv6IniXZM2gk_cn45qLn2ZtHyvfFA9Q==\",\"Menu\":{\"is_front\":\"0\",\"pid\":\"9\",\"name\":\"管理员\",\"url\":\"?r=backend/user/index\",\"icon\":\"fa fa-user\",\"sort\":\"1\"},\"ajax\":\"sys-menu-form\"}'),(956,1,'backend/menu/update',0,'POST',1558504802,'{\"id\":\"11\",\"_csrf\":\"UF58rIk0Byu61tjjbshPFYk_DzMqZuH4rzCLvOqgLpxhJjDGsAJBbcOdv6IniXZM2gk_cn45qLn2ZtHyvfFA9Q==\",\"Menu\":{\"is_front\":\"0\",\"pid\":\"9\",\"name\":\"管理员\",\"url\":\"?r=backend/admin/index\",\"icon\":\"fa fa-user\",\"sort\":\"1\"},\"ajax\":\"sys-menu-form\"}'),(957,1,'backend/menu/update',0,'POST',1558504804,'{\"id\":\"11\",\"_csrf\":\"UF58rIk0Byu61tjjbshPFYk_DzMqZuH4rzCLvOqgLpxhJjDGsAJBbcOdv6IniXZM2gk_cn45qLn2ZtHyvfFA9Q==\",\"Menu\":{\"is_front\":\"0\",\"pid\":\"9\",\"name\":\"管理员\",\"url\":\"?r=backend/admin/index\",\"icon\":\"fa fa-user\",\"sort\":\"1\"}}'),(958,1,'backend/menu/index',0,'GET',1558504805,'{\"MenuSearch\":{\"is_front\":\"0\"}}'),(959,1,'backend/action-log/index',0,'GET',1558506113,'{\"page\":\"1\"}'),(960,1,'backend/action-log/index',0,'GET',1558506200,'{\"page\":\"1\"}'),(961,1,'backend/event/index',0,'GET',1558511853,'[]'),(962,1,'backend/event/create',0,'GET',1558511879,'[]'),(963,1,'backend/event/create',0,'POST',1558511900,'{\"_csrf\":\"FVvECnDEa8oxBxwg4Tl1k8SfPDLH3mKnzllOgLspfZYkI4hgSfItjEhMe2GoeEzKl6kMc5OBK-aXDxTO7HgT_w==\",\"Event\":{\"name\":\"查找slug\",\"event\":\"\",\"level\":\"\",\"intro\":\"\",\"is_backend\":\"0\"},\"ajax\":\"event-form\"}'),(964,1,'backend/event/create',0,'POST',1558511918,'{\"_csrf\":\"FVvECnDEa8oxBxwg4Tl1k8SfPDLH3mKnzllOgLspfZYkI4hgSfItjEhMe2GoeEzKl6kMc5OBK-aXDxTO7HgT_w==\",\"Event\":{\"name\":\"查找slug\",\"event\":\"findSlugContent\",\"level\":\"FrontController\",\"intro\":\"\",\"is_backend\":\"0\"},\"ajax\":\"event-form\"}'),(965,1,'backend/event/create',0,'POST',1558511923,'{\"_csrf\":\"FVvECnDEa8oxBxwg4Tl1k8SfPDLH3mKnzllOgLspfZYkI4hgSfItjEhMe2GoeEzKl6kMc5OBK-aXDxTO7HgT_w==\",\"Event\":{\"name\":\"查找slug\",\"event\":\"findSlugContent\",\"level\":\"FrontController\",\"intro\":\"\",\"is_backend\":\"0\"},\"ajax\":\"event-form\"}'),(966,1,'backend/event/create',0,'POST',1558511924,'{\"_csrf\":\"FVvECnDEa8oxBxwg4Tl1k8SfPDLH3mKnzllOgLspfZYkI4hgSfItjEhMe2GoeEzKl6kMc5OBK-aXDxTO7HgT_w==\",\"Event\":{\"name\":\"查找slug\",\"event\":\"findSlugContent\",\"level\":\"FrontController\",\"intro\":\"\",\"is_backend\":\"0\"},\"ajax\":\"event-form\"}'),(967,1,'backend/event/create',0,'POST',1558511925,'{\"_csrf\":\"FVvECnDEa8oxBxwg4Tl1k8SfPDLH3mKnzllOgLspfZYkI4hgSfItjEhMe2GoeEzKl6kMc5OBK-aXDxTO7HgT_w==\",\"Event\":{\"name\":\"查找slug\",\"event\":\"findSlugContent\",\"level\":\"FrontController\",\"intro\":\"\",\"is_backend\":\"0\"},\"ajax\":\"event-form\"}'),(968,1,'backend/event/create',0,'POST',1558511968,'{\"_csrf\":\"FVvECnDEa8oxBxwg4Tl1k8SfPDLH3mKnzllOgLspfZYkI4hgSfItjEhMe2GoeEzKl6kMc5OBK-aXDxTO7HgT_w==\",\"Event\":{\"name\":\"查找slug\",\"event\":\"findSlugContent\",\"level\":\"FrontController\",\"intro\":\"动态注册可以根据slug查找的内容\",\"is_backend\":\"0\"},\"ajax\":\"event-form\"}'),(969,1,'backend/event/create',0,'POST',1558511969,'{\"_csrf\":\"FVvECnDEa8oxBxwg4Tl1k8SfPDLH3mKnzllOgLspfZYkI4hgSfItjEhMe2GoeEzKl6kMc5OBK-aXDxTO7HgT_w==\",\"Event\":{\"name\":\"查找slug\",\"event\":\"findSlugContent\",\"level\":\"FrontController\",\"intro\":\"动态注册可以根据slug查找的内容\",\"is_backend\":\"0\"}}'),(970,1,'backend/event/index',0,'GET',1558511971,'[]'),(971,1,'backend/event/update',0,'GET',1558512002,'{\"id\":\"4\"}'),(972,1,'backend/event/update',0,'POST',1558512011,'{\"id\":\"4\",\"_csrf\":\"-5YTgCSn94o9KFE5HDBilD_L4iuJL6QPXUjvA-hBE_7K7l_qHZGxzERjNnhVcVvNbP3Sat1w7U4EHrVNvxB9lw==\",\"Event\":{\"name\":\"查找slug\",\"event\":\"findSlugContent\",\"level\":\"SiteController\",\"intro\":\"动态注册可以根据slug查找的内容\",\"is_backend\":\"0\"},\"ajax\":\"event-form\"}'),(973,1,'backend/event/update',0,'POST',1558512013,'{\"id\":\"4\",\"_csrf\":\"-5YTgCSn94o9KFE5HDBilD_L4iuJL6QPXUjvA-hBE_7K7l_qHZGxzERjNnhVcVvNbP3Sat1w7U4EHrVNvxB9lw==\",\"Event\":{\"name\":\"查找slug\",\"event\":\"findSlugContent\",\"level\":\"SiteController\",\"intro\":\"动态注册可以根据slug查找的内容\",\"is_backend\":\"0\"}}'),(974,1,'backend/event/index',0,'GET',1558512014,'[]'),(975,1,'backend/event/update',0,'GET',1558512134,'{\"id\":\"4\"}'),(976,1,'backend/event/update',0,'POST',1558512141,'{\"id\":\"4\",\"_csrf\":\"C7oGDKlhD7YZYZyvIcGln1kvXnt8N6NIknTFBRWBtg86wkpmkFdJ8GAq--5ogJzGChluOiho6gnLIp9LQtDYZg==\",\"Event\":{\"name\":\"查找slug\",\"event\":\"findSlugContent\",\"level\":\"FrontendController\",\"intro\":\"动态注册可以根据slug查找的内容\",\"is_backend\":\"0\"},\"ajax\":\"event-form\"}'),(977,1,'backend/event/update',0,'POST',1558512143,'{\"id\":\"4\",\"_csrf\":\"C7oGDKlhD7YZYZyvIcGln1kvXnt8N6NIknTFBRWBtg86wkpmkFdJ8GAq--5ogJzGChluOiho6gnLIp9LQtDYZg==\",\"Event\":{\"name\":\"查找slug\",\"event\":\"findSlugContent\",\"level\":\"FrontendController\",\"intro\":\"动态注册可以根据slug查找的内容\",\"is_backend\":\"0\"}}'),(978,1,'backend/event/index',0,'GET',1558512144,'[]'),(979,1,'backend/event/index',0,'GET',1558512467,'[]'),(980,1,'backend/event/index',0,'GET',1558512470,'[]'),(981,1,'backend/event-handler/index',0,'GET',1558512473,'{\"EventHandlerSearch\":{\"event_id\":\"4\"}}'),(982,1,'backend/event-handler/create',0,'GET',1558512477,'{\"EventHandler\":{\"event_id\":\"4\"}}'),(983,1,'backend/event-handler/create',0,'POST',1558512480,'{\"EventHandler\":{\"event_id\":\"4\",\"is_active\":\"1\",\"name\":\"\",\"handler\":\"\",\"sort\":\"\",\"intro\":\"\"},\"_csrf\":\"nTHzNbn7sunCdyaa7cQ4BvIzJy0sd6-GnArYnYpGJhesSb9fgM30r7s8QdukhQFfoQUXbHgo5sfFXILT3RdIfg==\",\"ajax\":\"event-handler-form\"}'),(984,1,'backend/event-handler/create',0,'POST',1558512483,'{\"EventHandler\":{\"event_id\":\"4\",\"is_active\":\"1\",\"name\":\"\",\"handler\":\"\",\"sort\":\"\",\"intro\":\"\"},\"_csrf\":\"nTHzNbn7sunCdyaa7cQ4BvIzJy0sd6-GnArYnYpGJhesSb9fgM30r7s8QdukhQFfoQUXbHgo5sfFXILT3RdIfg==\",\"ajax\":\"event-handler-form\"}'),(985,1,'backend/event-handler/create',0,'POST',1558512499,'{\"EventHandler\":{\"event_id\":\"4\",\"is_active\":\"1\",\"name\":\"根据slug输出单页模型的内容\",\"handler\":\"\",\"sort\":\"\",\"intro\":\"\"},\"_csrf\":\"nTHzNbn7sunCdyaa7cQ4BvIzJy0sd6-GnArYnYpGJhesSb9fgM30r7s8QdukhQFfoQUXbHgo5sfFXILT3RdIfg==\",\"ajax\":\"event-handler-form\"}'),(986,1,'backend/event-handler/create',0,'POST',1558512510,'{\"EventHandler\":{\"event_id\":\"4\",\"is_active\":\"1\",\"name\":\"根据slug输出单页模型的内容\",\"handler\":\"\\\\app\\\\addons\\\\page\\\\eventhandlers\\\\ShowPageHandler\",\"sort\":\"\",\"intro\":\"\"},\"_csrf\":\"nTHzNbn7sunCdyaa7cQ4BvIzJy0sd6-GnArYnYpGJhesSb9fgM30r7s8QdukhQFfoQUXbHgo5sfFXILT3RdIfg==\",\"ajax\":\"event-handler-form\"}'),(987,1,'backend/event-handler/create',0,'POST',1558512527,'{\"EventHandler\":{\"event_id\":\"4\",\"is_active\":\"1\",\"name\":\"根据slug输出单页模型的内容\",\"handler\":\"\\\\app\\\\addons\\\\page\\\\eventhandlers\\\\ShowPageHandler\",\"sort\":\"1\",\"intro\":\"通过slug输出单页的内容\"},\"_csrf\":\"nTHzNbn7sunCdyaa7cQ4BvIzJy0sd6-GnArYnYpGJhesSb9fgM30r7s8QdukhQFfoQUXbHgo5sfFXILT3RdIfg==\",\"ajax\":\"event-handler-form\"}'),(988,1,'backend/event-handler/create',0,'POST',1558512529,'{\"EventHandler\":{\"event_id\":\"4\",\"is_active\":\"1\",\"name\":\"根据slug输出单页模型的内容\",\"handler\":\"\\\\app\\\\addons\\\\page\\\\eventhandlers\\\\ShowPageHandler\",\"sort\":\"1\",\"intro\":\"通过slug输出单页的内容\"},\"_csrf\":\"nTHzNbn7sunCdyaa7cQ4BvIzJy0sd6-GnArYnYpGJhesSb9fgM30r7s8QdukhQFfoQUXbHgo5sfFXILT3RdIfg==\"}'),(989,1,'backend/event-handler/index',0,'GET',1558512530,'{\"EventHandlerSearch\":{\"event_id\":\"4\"}}'),(990,1,'backend/event-handler/index',0,'GET',1558512947,'{\"EventHandlerSearch\":{\"event_id\":\"4\"}}'),(991,1,'travel/customization/index',0,'GET',1558515399,'[]'),(992,12,'backend/default/index',0,'GET',1558573485,'[]'),(993,12,'backend/default/error',0,'GET',1558573503,'[]'),(994,1,'backend/default/index',0,'GET',1558573994,'[]'),(995,1,'backend/auth-admin-group/index',0,'GET',1558574022,'[]'),(996,1,'backend/auth-admin-group/index',0,'GET',1558574233,'{\"AuthGroupSearch\":{\"type\":\"2\"}}'),(997,1,'backend/auth-admin-group/index',0,'GET',1558574244,'{\"AuthGroupSearch\":{\"type\":\"2\"}}'),(998,1,'backend/auth-admin-group/index',0,'GET',1558574262,'{\"AuthGroupSearch\":{\"type\":\"2\"}}'),(999,1,'backend/auth-admin-group/index',0,'GET',1558574290,'{\"AuthGroupSearch\":{\"type\":\"2\"}}'),(1000,1,'backend/auth-admin-group/index',0,'GET',1558574302,'{\"AuthGroupSearch\":{\"type\":\"2\"}}'),(1001,1,'backend/admin/index',0,'GET',1558574323,'[]'),(1002,1,'backend/auth-role/index',0,'GET',1558574326,'[]'),(1003,1,'backend/admin/index',0,'GET',1558574347,'[]'),(1004,1,'backend/auth-admin-group/index',0,'GET',1558574351,'{\"AuthGroupSearch\":{\"type\":\"2\"}}'),(1005,1,'backend/auth-admin-group/index',0,'GET',1558574354,'{\"AuthGroupSearch\":{\"type\":\"2\"}}'),(1006,1,'backend/auth-role/index',0,'GET',1558574369,'[]'),(1007,1,'backend/auth-role/index',0,'GET',1558574375,'[]'),(1008,1,'backend/menu/index',0,'GET',1558574384,'[]'),(1009,1,'backend/asset/index',0,'GET',1558574388,'[]'),(1010,1,'backend/auth-admin-group/index',0,'GET',1558574408,'[]'),(1011,1,'backend/auth-admin-group/index',0,'GET',1558574417,'[]'),(1012,1,'backend/auth-admin-group/index',0,'GET',1558574440,'[]'),(1013,1,'backend/auth-admin-group/index',0,'GET',1558574450,'[]'),(1014,1,'backend/auth-admin-group/batch-create',0,'GET',1558574462,'{\"AuthGroup\":{\"type\":\"1\"}}'),(1015,1,'backend/auth-admin-group/create',0,'GET',1558574490,'{\"AuthGroup\":{\"type\":\"1\"}}'),(1016,1,'backend/auth-admin-group/create',0,'GET',1558574531,'{\"AuthGroup\":{\"type\":\"1\"}}'),(1017,1,'backend/auth-admin-group/index',0,'GET',1558574576,'{\"AuthGroupSearch\":{\"title\":\"\",\"name\":\"\",\"is_backend\":\"1\",\"type\":\"1\"}}'),(1018,1,'backend/auth-admin-group/index',0,'GET',1558574593,'[]'),(1019,1,'backend/auth-admin-group/index',0,'GET',1558574616,'[]'),(1020,1,'backend/auth-admin-group/index',0,'GET',1558574753,'[]'),(1021,1,'backend/auth-admin-group/index',0,'GET',1558574775,'{\"AuthGroupSearch\":{\"type\":\"1\"}}'),(1022,1,'backend/auth-admin-group/index',0,'GET',1558575143,'{\"AuthGroupSearch\":{\"type\":\"1\"}}'),(1023,1,'backend/auth-admin-group/index',0,'GET',1558575437,'{\"AuthGroupSearch\":{\"type\":\"2\"}}'),(1024,1,'backend/auth-admin-group/permission',0,'GET',1558575441,'{\"AuthPermissionSearch\":{\"group_name\":\"develop-manage\",\"type\":\"2\"}}'),(1025,1,'backend/auth-admin-group/index',0,'GET',1558575446,'{\"AuthGroupSearch\":{\"type\":\"2\"}}'),(1026,1,'backend/auth-role/index',0,'GET',1558575474,'[]'),(1027,1,'backend/menu/index',0,'GET',1558575520,'[]'),(1028,1,'backend/menu/index',0,'GET',1558575523,'{\"MenuSearch\":{\"is_front\":\"0\"}}'),(1029,1,'backend/menu/update',0,'GET',1558575528,'{\"id\":\"8\"}'),(1030,1,'backend/menu/update',0,'POST',1558575538,'{\"id\":\"8\",\"Menu\":{\"is_front\":\"0\",\"pid\":\"9\",\"name\":\"管理员权限组\",\"url\":\"?r=backend/auth-group/index\",\"icon\":\"fa fa-puzzle-piece\",\"sort\":\"3\"},\"ajax\":\"sys-menu-form\"}'),(1031,1,'backend/menu/update',0,'POST',1558575541,'{\"id\":\"8\",\"Menu\":{\"is_front\":\"0\",\"pid\":\"9\",\"name\":\"管理员权限组\",\"url\":\"?r=backend/auth-admin-group/index\",\"icon\":\"fa fa-puzzle-piece\",\"sort\":\"3\"},\"ajax\":\"sys-menu-form\"}'),(1032,1,'backend/menu/update',0,'POST',1558575543,'{\"id\":\"8\",\"Menu\":{\"is_front\":\"0\",\"pid\":\"9\",\"name\":\"管理员权限组\",\"url\":\"?r=backend/auth-admin-group/index\",\"icon\":\"fa fa-puzzle-piece\",\"sort\":\"2\"},\"ajax\":\"sys-menu-form\"}'),(1033,1,'backend/menu/update',0,'POST',1558575543,'{\"id\":\"8\",\"Menu\":{\"is_front\":\"0\",\"pid\":\"9\",\"name\":\"管理员权限组\",\"url\":\"?r=backend/auth-admin-group/index\",\"icon\":\"fa fa-puzzle-piece\",\"sort\":\"2\"},\"ajax\":\"sys-menu-form\"}'),(1034,1,'backend/menu/update',0,'POST',1558575545,'{\"id\":\"8\",\"Menu\":{\"is_front\":\"0\",\"pid\":\"9\",\"name\":\"管理员权限组\",\"url\":\"?r=backend/auth-admin-group/index\",\"icon\":\"fa fa-puzzle-piece\",\"sort\":\"2\"}}'),(1035,1,'backend/menu/index',0,'GET',1558575546,'{\"MenuSearch\":{\"is_front\":\"0\"}}'),(1036,1,'backend/menu/update',0,'GET',1558575550,'{\"id\":\"10\"}'),(1037,1,'backend/menu/update',0,'POST',1558575555,'{\"id\":\"10\",\"Menu\":{\"is_front\":\"0\",\"pid\":\"9\",\"name\":\"角色\",\"url\":\"?r=backend/auth-role/index\",\"icon\":\"fa fa-tag\",\"sort\":\"3\"},\"ajax\":\"sys-menu-form\"}'),(1038,1,'backend/menu/update',0,'POST',1558575555,'{\"id\":\"10\",\"Menu\":{\"is_front\":\"0\",\"pid\":\"9\",\"name\":\"角色\",\"url\":\"?r=backend/auth-role/index\",\"icon\":\"fa fa-tag\",\"sort\":\"3\"},\"ajax\":\"sys-menu-form\"}'),(1039,1,'backend/menu/update',0,'POST',1558575557,'{\"id\":\"10\",\"Menu\":{\"is_front\":\"0\",\"pid\":\"9\",\"name\":\"角色\",\"url\":\"?r=backend/auth-role/index\",\"icon\":\"fa fa-tag\",\"sort\":\"3\"}}'),(1040,1,'backend/menu/index',0,'GET',1558575558,'{\"MenuSearch\":{\"is_front\":\"0\"}}'),(1041,1,'backend/menu/index',0,'GET',1558576600,'{\"MenuSearch\":{\"is_front\":\"0\"}}'),(1042,1,'travel/product/index',2130706433,'GET',1558685862,'[]'),(1043,1,'backend/default/index',2130706433,'GET',1558686540,'[]'),(1044,1,'asset/manage/index',2130706433,'GET',1558686570,'[]'),(1045,1,'user/manage/index',2130706433,'GET',1558686580,'[]'),(1046,1,'user/manage/update',2130706433,'GET',1558686587,'{\"id\":\"9\"}'),(1047,1,'backend/default/index',2130706433,'GET',1558686874,'[]'),(1048,1,'backend/event/index',2130706433,'GET',1558687496,'[]'),(1049,1,'backend/event/create',2130706433,'GET',1558687499,'[]'),(1050,1,'backend/event/create',2130706433,'POST',1558687508,'{\"Event\":{\"name\":\"获取系统资源文件\",\"event\":\"\",\"level\":\"\",\"intro\":\"\",\"is_backend\":\"0\"},\"ajax\":\"event-form\"}'),(1051,1,'backend/event/create',2130706433,'POST',1558687524,'{\"Event\":{\"name\":\"获取系统资源文件\",\"event\":\"beforeGetBundles\",\"level\":\"\",\"intro\":\"\",\"is_backend\":\"0\"},\"ajax\":\"event-form\"}'),(1052,1,'backend/event/create',2130706433,'POST',1558687545,'{\"Event\":{\"name\":\"获取系统资源文件\",\"event\":\"beforeGetBundle\",\"level\":\"\",\"intro\":\"\",\"is_backend\":\"0\"},\"ajax\":\"event-form\"}'),(1053,1,'backend/event/create',2130706433,'POST',1558687570,'{\"Event\":{\"name\":\"获取系统资源文件\",\"event\":\"beforeGetBundle\",\"level\":\"AssetManager\",\"intro\":\"\",\"is_backend\":\"0\"},\"ajax\":\"event-form\"}'),(1054,1,'backend/event/create',2130706433,'POST',1558687609,'{\"Event\":{\"name\":\"获取系统资源文件\",\"event\":\"beforeGetBundle\",\"level\":\"AssetManager\",\"intro\":\"\",\"is_backend\":\"1\"},\"ajax\":\"event-form\"}'),(1055,1,'backend/event/create',2130706433,'POST',1558687632,'{\"Event\":{\"name\":\"获取系统资源文件\",\"event\":\"beforeGetBundle\",\"level\":\"AssetManager\",\"intro\":\"优化资源文件的地址\",\"is_backend\":\"1\"},\"ajax\":\"event-form\"}'),(1056,1,'backend/event/create',2130706433,'POST',1558687633,'{\"Event\":{\"name\":\"获取系统资源文件\",\"event\":\"beforeGetBundle\",\"level\":\"AssetManager\",\"intro\":\"优化资源文件的地址\",\"is_backend\":\"1\"}}'),(1057,1,'backend/event/index',2130706433,'GET',1558687634,'[]'),(1058,1,'backend/event-handler/index',2130706433,'GET',1558687642,'{\"EventHandlerSearch\":{\"event_id\":\"5\"}}'),(1059,1,'backend/event-handler/create',2130706433,'GET',1558687645,'{\"EventHandler\":{\"event_id\":\"5\"}}'),(1060,1,'backend/event-handler/create',2130706433,'POST',1558687648,'{\"EventHandler\":{\"event_id\":\"5\",\"is_active\":\"1\",\"name\":\"\",\"handler\":\"\",\"sort\":\"\",\"intro\":\"\"},\"ajax\":\"event-handler-form\"}'),(1061,1,'backend/event-handler/create',2130706433,'POST',1558687662,'{\"EventHandler\":{\"event_id\":\"5\",\"is_active\":\"1\",\"name\":\"替换资源文件的baseurl\",\"handler\":\"\",\"sort\":\"\",\"intro\":\"\"},\"ajax\":\"event-handler-form\"}'),(1062,1,'backend/event-handler/create',2130706433,'POST',1558687677,'{\"EventHandler\":{\"event_id\":\"5\",\"is_active\":\"1\",\"name\":\"替换资源文件的baseurl\",\"handler\":\"app\\\\addons\\\\asset\\\\eventhandlers\\\\SiteStatisticCodeHandler\",\"sort\":\"\",\"intro\":\"\"},\"ajax\":\"event-handler-form\"}'),(1063,1,'backend/event-handler/create',2130706433,'POST',1558687685,'{\"EventHandler\":{\"event_id\":\"5\",\"is_active\":\"1\",\"name\":\"替换资源文件的baseurl\",\"handler\":\"app\\\\addons\\\\asset\\\\eventhandlers\\\\ChangeCDNAssetHandler\",\"sort\":\"\",\"intro\":\"\"},\"ajax\":\"event-handler-form\"}'),(1064,1,'backend/event-handler/create',2130706433,'POST',1558687686,'{\"EventHandler\":{\"event_id\":\"5\",\"is_active\":\"1\",\"name\":\"替换资源文件的baseurl\",\"handler\":\"app\\\\addons\\\\asset\\\\eventhandlers\\\\ChangeCDNAssetHandler\",\"sort\":\"1\",\"intro\":\"\"},\"ajax\":\"event-handler-form\"}'),(1065,1,'backend/event-handler/create',2130706433,'POST',1558687698,'{\"EventHandler\":{\"event_id\":\"5\",\"is_active\":\"1\",\"name\":\"替换资源文件的baseurl\",\"handler\":\"app\\\\addons\\\\asset\\\\eventhandlers\\\\ChangeCDNAssetHandler\",\"sort\":\"1\",\"intro\":\"更新为fm-cms的资源地址\"},\"ajax\":\"event-handler-form\"}'),(1066,1,'backend/event-handler/create',2130706433,'POST',1558687699,'{\"EventHandler\":{\"event_id\":\"5\",\"is_active\":\"1\",\"name\":\"替换资源文件的baseurl\",\"handler\":\"app\\\\addons\\\\asset\\\\eventhandlers\\\\ChangeCDNAssetHandler\",\"sort\":\"1\",\"intro\":\"更新为fm-cms的资源地址\"}}'),(1067,1,'backend/event-handler/index',2130706433,'GET',1558687700,'{\"EventHandlerSearch\":{\"event_id\":\"5\"}}'),(1068,1,'backend/event-handler/index',2130706433,'GET',1558687705,'{\"EventHandlerSearch\":{\"event_id\":\"5\"}}'),(1069,1,'backend/event-handler/index',2130706433,'GET',1558687814,'{\"EventHandlerSearch\":{\"event_id\":\"5\"}}'),(1070,1,'backend/event-handler/index',2130706433,'GET',1558687818,'{\"EventHandlerSearch\":{\"event_id\":\"5\"}}'),(1071,1,'backend/event-handler/index',2130706433,'GET',1558687829,'{\"EventHandlerSearch\":{\"event_id\":\"5\"}}'),(1072,1,'backend/event-handler/index',2130706433,'GET',1558687868,'{\"EventHandlerSearch\":{\"event_id\":\"5\"}}'),(1073,1,'backend/event-handler/index',2130706433,'GET',1558687903,'{\"EventHandlerSearch\":{\"event_id\":\"5\"}}'),(1074,1,'backend/event-handler/index',2130706433,'GET',1558687953,'{\"EventHandlerSearch\":{\"event_id\":\"5\"}}'),(1075,1,'backend/event-handler/index',2130706433,'GET',1558687992,'{\"EventHandlerSearch\":{\"event_id\":\"5\"}}'),(1076,1,'backend/event-handler/index',2130706433,'GET',1558687995,'{\"EventHandlerSearch\":{\"event_id\":\"5\"}}'),(1077,1,'backend/event/index',2130706433,'GET',1558687999,'[]'),(1078,1,'backend/event/update',2130706433,'GET',1558688005,'{\"id\":\"5\"}'),(1079,1,'backend/event/update',2130706433,'POST',1558688010,'{\"id\":\"5\",\"Event\":{\"name\":\"获取系统资源文件\",\"event\":\"beforeGetBundle\",\"level\":\"AssetManager\",\"intro\":\"优化资源文件的地址\",\"is_backend\":\"1\"},\"ajax\":\"event-form\"}'),(1080,1,'backend/event/update',2130706433,'POST',1558688011,'{\"id\":\"5\",\"Event\":{\"name\":\"获取系统资源文件\",\"event\":\"beforeGetBundle\",\"level\":\"AssetManager\",\"intro\":\"优化资源文件的地址\",\"is_backend\":\"1\"}}'),(1081,1,'backend/event/index',2130706433,'GET',1558688012,'[]'),(1082,1,'backend/event-handler/index',2130706433,'GET',1558688016,'{\"EventHandlerSearch\":{\"event_id\":\"5\"}}'),(1083,1,'backend/event-handler/update',2130706433,'GET',1558688019,'{\"id\":\"4\"}'),(1084,1,'backend/event-handler/update',2130706433,'POST',1558688022,'{\"id\":\"4\",\"EventHandler\":{\"is_active\":\"1\",\"event_id\":\"5\",\"name\":\"替换资源文件的baseurl\",\"handler\":\"app\\\\addons\\\\asset\\\\eventhandlers\\\\ChangeCDNAssetHandler\",\"sort\":\"1\",\"intro\":\"更新为fm-cms的资源地址\"},\"ajax\":\"event-handler-form\"}'),(1085,1,'backend/event-handler/update',2130706433,'POST',1558688023,'{\"id\":\"4\",\"EventHandler\":{\"is_active\":\"1\",\"event_id\":\"5\",\"name\":\"替换资源文件的baseurl\",\"handler\":\"app\\\\addons\\\\asset\\\\eventhandlers\\\\ChangeCDNAssetHandler\",\"sort\":\"1\",\"intro\":\"更新为fm-cms的资源地址\"}}'),(1086,1,'backend/event-handler/index',2130706433,'GET',1558688025,'{\"EventHandlerSearch\":{\"event_id\":\"5\"}}'),(1087,1,'backend/event-handler/index',2130706433,'GET',1558688049,'{\"EventHandlerSearch\":{\"event_id\":\"5\"}}'),(1088,1,'backend/event/index',2130706433,'GET',1558688100,'[]'),(1089,1,'backend/event/update',2130706433,'GET',1558688106,'{\"id\":\"5\"}'),(1090,1,'backend/event/index',2130706433,'GET',1558688296,'[]'),(1091,1,'backend/event-handler/index',2130706433,'GET',1558688304,'{\"EventHandlerSearch\":{\"event_id\":\"5\"}}'),(1092,1,'backend/event-handler/update',2130706433,'GET',1558688309,'{\"id\":\"4\"}'),(1093,1,'backend/event-handler/update',2130706433,'POST',1558688312,'{\"id\":\"4\",\"EventHandler\":{\"is_active\":\"1\",\"event_id\":\"5\",\"name\":\"替换资源文件的baseurl\",\"handler\":\"app\\\\addons\\\\asset\\\\eventhandlers\\\\ChangeCDNAssetHandler\",\"sort\":\"1\",\"intro\":\"更新为fm-cms的资源地址\"},\"ajax\":\"event-handler-form\"}'),(1094,1,'backend/event-handler/update',2130706433,'POST',1558688313,'{\"id\":\"4\",\"EventHandler\":{\"is_active\":\"1\",\"event_id\":\"5\",\"name\":\"替换资源文件的baseurl\",\"handler\":\"app\\\\addons\\\\asset\\\\eventhandlers\\\\ChangeCDNAssetHandler\",\"sort\":\"1\",\"intro\":\"更新为fm-cms的资源地址\"}}'),(1095,1,'backend/event-handler/index',2130706433,'GET',1558688315,'{\"EventHandlerSearch\":{\"event_id\":\"5\"}}'),(1096,1,'backend/event-handler/index',2130706433,'GET',1558688327,'{\"EventHandlerSearch\":{\"event_id\":\"5\"}}'),(1097,1,'backend/event-handler/index',2130706433,'GET',1558688498,'{\"EventHandlerSearch\":{\"event_id\":\"5\"}}'),(1098,1,'backend/event-handler/index',2130706433,'GET',1558688620,'{\"EventHandlerSearch\":{\"event_id\":\"5\"}}'),(1099,1,'backend/event-handler/index',2130706433,'GET',1558688650,'{\"EventHandlerSearch\":{\"event_id\":\"5\"}}'),(1100,1,'backend/event-handler/index',2130706433,'GET',1558688664,'{\"EventHandlerSearch\":{\"event_id\":\"5\"}}'),(1101,1,'backend/event-handler/index',2130706433,'GET',1558688694,'{\"EventHandlerSearch\":{\"event_id\":\"5\"}}'),(1102,1,'backend/event-handler/index',2130706433,'GET',1558689083,'{\"EventHandlerSearch\":{\"event_id\":\"5\"}}'),(1103,1,'backend/event-handler/index',2130706433,'GET',1558689106,'{\"EventHandlerSearch\":{\"event_id\":\"5\"}}'),(1104,1,'backend/event-handler/index',2130706433,'GET',1558689394,'{\"EventHandlerSearch\":{\"event_id\":\"5\"}}'),(1105,1,'backend/event-handler/index',2130706433,'GET',1558689402,'{\"EventHandlerSearch\":{\"event_id\":\"5\"}}'),(1106,1,'backend/event-handler/index',2130706433,'GET',1558689454,'{\"EventHandlerSearch\":{\"event_id\":\"5\"}}'),(1107,1,'backend/event-handler/index',2130706433,'GET',1558689458,'{\"EventHandlerSearch\":{\"event_id\":\"5\"}}'),(1108,1,'backend/event-handler/index',2130706433,'GET',1558689637,'{\"EventHandlerSearch\":{\"event_id\":\"5\"}}'),(1109,1,'backend/event/index',2130706433,'GET',1558690038,'[]'),(1110,1,'backend/event-handler/index',2130706433,'GET',1558690245,'{\"EventHandlerSearch\":{\"event_id\":\"5\"}}'),(1111,1,'backend/event-handler/index',2130706433,'GET',1558690521,'{\"EventHandlerSearch\":{\"event_id\":\"5\"}}'),(1112,1,'backend/event-handler/index',2130706433,'GET',1558690680,'{\"EventHandlerSearch\":{\"event_id\":\"5\"}}'),(1113,1,'asset/manage/index',2130706433,'GET',1558690746,'[]'),(1114,1,'backend/event-handler/index',2130706433,'GET',1558690892,'{\"EventHandlerSearch\":{\"event_id\":\"5\"}}'),(1115,1,'backend/auth-admin-group/index',2130706433,'GET',1558690910,'[]'),(1116,1,'travel/product/index',0,'GET',1558751988,'[]'),(1117,1,'cms/category/index',0,'GET',1558752759,'[]'),(1118,1,'cms/category/update',0,'GET',1558752772,'{\"id\":\"2\"}'),(1119,1,'cms/category/index',0,'GET',1558752907,'[]'),(1120,1,'cms/category/update',0,'GET',1558752920,'{\"id\":\"2\"}'),(1121,1,'cms/article/index',0,'GET',1558753469,'[]'),(1122,1,'cms/article/view',0,'GET',1558753475,'{\"id\":\"15\"}'),(1123,1,'cms/article/index',0,'GET',1558753493,'[]'),(1124,1,'cms/article/view',0,'GET',1558753501,'{\"id\":\"12\"}'),(1125,1,'cms/article/index',0,'GET',1558753506,'[]'),(1126,1,'cms/article/index',0,'GET',1558753546,'[]'),(1127,1,'cms/article/index',0,'GET',1558753557,'{\"ArticleSearch\":{\"doc_type\":\"article\"}}'),(1128,1,'cms/article/view',0,'GET',1558753561,'{\"id\":\"31\"}'),(1129,1,'cms/article/index',0,'GET',1558753566,'{\"ArticleSearch\":{\"doc_type\":\"article\"}}'),(1130,1,'cms/article/view',0,'GET',1558753570,'{\"id\":\"1\"}'),(1131,1,'cms/article/index',0,'GET',1558753587,'{\"ArticleSearch\":{\"doc_type\":\"article\"}}'),(1132,1,'cms/article/view',0,'GET',1558753591,'{\"id\":\"1\"}'),(1133,1,'cms/article/index',0,'GET',1558753600,'{\"ArticleSearch\":{\"doc_type\":\"article\"}}'),(1134,1,'cms/article/update',0,'GET',1558753666,'{\"id\":\"1\"}'),(1135,1,'page/manage/index',0,'GET',1558753792,'[]'),(1136,1,'page/manage/update',0,'GET',1558753827,'{\"id\":\"1\"}'),(1137,1,'page/manage/index',0,'GET',1558753855,'[]'),(1138,1,'cms/article/index',0,'GET',1558753869,'[]'),(1139,1,'cms/article/index',0,'GET',1558753877,'{\"ArticleSearch\":{\"doc_type\":\"article\"}}'),(1140,1,'cms/article/update',0,'GET',1558753881,'{\"id\":\"1\"}'),(1141,1,'cms/article/index',0,'GET',1558754169,'{\"ArticleSearch\":{\"doc_type\":\"article\"}}'),(1142,1,'cms/article/view',0,'GET',1558754173,'{\"id\":\"1\"}'),(1143,1,'cms/article/index',0,'GET',1558754178,'{\"ArticleSearch\":{\"doc_type\":\"article\"}}'),(1144,1,'travel/product/index',0,'GET',1558840836,'[]'),(1145,1,'cms/article/index',0,'GET',1558840841,'[]'),(1146,1,'cms/article/index',0,'GET',1558840846,'{\"ArticleSearch\":{\"doc_type\":\"article\"}}'),(1147,1,'cms/article/update',0,'GET',1558840849,'{\"id\":\"1\"}'),(1148,1,'cms/article/update',0,'POST',1558840984,'{\"id\":\"1\",\"Article\":{\"title\":\"阿里集团提案\",\"cat_id\":\"2\",\"cover\":\"\",\"content\":\"<p><img src=\\\"uploads/image/2019/03-26/image5c99b7f5ce2aa7.66541736.png\\\" style=\\\"max-width:100%;\\\"></p><p><br></p>\",\"keywords\":\"\",\"description\":\"\"},\"cover_crop\":\"{\\\"x\\\":270.93333333333334,\\\"y\\\":72.53333333333333,\\\"x2\\\":439.46666666666664,\\\"y2\\\":241.06666666666666,\\\"w\\\":168.53333333333333,\\\"h\\\":168.53333333333333}\"}'),(1149,1,'cms/article/update',0,'GET',1558840985,'{\"id\":\"1\"}'),(1150,1,'cms/article/update',0,'POST',1558841004,'{\"id\":\"1\",\"Article\":{\"title\":\"阿里集团提案\",\"cat_id\":\"2\",\"cover\":\"\",\"content\":\"<p><img src=\\\"uploads/image/2019/03-26/image5c99b7f5ce2aa7.66541736.png\\\" style=\\\"max-width:100%;\\\"></p><p><br></p>\",\"keywords\":\"\",\"description\":\"\"},\"cover_crop\":\"{\\\"x\\\":302.93333333333334,\\\"y\\\":96,\\\"x2\\\":403.2,\\\"y2\\\":196.26666666666665,\\\"w\\\":100.26666666666667,\\\"h\\\":100.26666666666667}\"}'),(1151,1,'cms/article/update',0,'GET',1558841006,'{\"id\":\"1\"}'),(1152,1,'cms/article/update',0,'GET',1558841022,'{\"id\":\"1\"}'),(1153,1,'cms/article/index',0,'GET',1558841026,'{\"ArticleSearch\":{\"doc_type\":\"article\"}}'),(1154,1,'cms/article/index',0,'GET',1558841079,'{\"ArticleSearch\":{\"doc_type\":\"article\"}}'),(1155,1,'cms/article/update',0,'GET',1558841082,'{\"id\":\"31\"}'),(1156,1,'cms/article/index',0,'GET',1558841087,'{\"ArticleSearch\":{\"doc_type\":\"article\"}}'),(1157,1,'cms/article/update',0,'GET',1558841091,'{\"id\":\"1\"}'),(1158,1,'cms/article/update',0,'GET',1558841115,'{\"id\":\"1\"}'),(1159,1,'cms/article/update',0,'GET',1558841174,'{\"id\":\"1\"}'),(1160,1,'cms/article/update',0,'GET',1558841203,'{\"id\":\"1\"}'),(1161,1,'cms/article/update',0,'GET',1558841219,'{\"id\":\"1\"}'),(1162,1,'cms/article/update',0,'GET',1558841256,'{\"id\":\"1\"}'),(1163,1,'cms/article/update',0,'POST',1558841266,'{\"id\":\"1\",\"Article\":{\"title\":\"阿里集团提案\",\"cat_id\":\"2\",\"cover\":\"\",\"content\":\"<p><img src=\\\"uploads/image/2019/03-26/image5c99b7f5ce2aa7.66541736.png\\\" style=\\\"max-width:100%;\\\"></p><p><br></p>\",\"keywords\":\"\",\"description\":\"\"},\"cover_crop\":\"{\\\"x\\\":275.2,\\\"y\\\":98.13333333333333,\\\"x2\\\":426.6666666666667,\\\"y2\\\":199.11111111111114,\\\"w\\\":151.46666666666667,\\\"h\\\":100.9777777777778}\"}'),(1164,1,'cms/article/update',0,'GET',1558841268,'{\"id\":\"1\"}'),(1165,1,'cms/article/update',0,'POST',1558841445,'{\"id\":\"1\",\"Article\":{\"title\":\"阿里集团提案\",\"cat_id\":\"2\",\"cover\":\"\",\"content\":\"<p><img src=\\\"uploads/image/2019/03-26/image5c99b7f5ce2aa7.66541736.png\\\" style=\\\"max-width:100%;\\\"></p><p><br></p>\",\"keywords\":\"\",\"description\":\"\"},\"cover_crop\":\"{\\\"x\\\":39,\\\"y\\\":21.45,\\\"x2\\\":282.75,\\\"y2\\\":183.95,\\\"w\\\":243.75,\\\"h\\\":162.5}\"}'),(1166,1,'cms/article/update',0,'GET',1558841446,'{\"id\":\"1\"}'),(1167,1,'cms/article/update',0,'GET',1558841584,'{\"id\":\"1\"}'),(1168,1,'cms/article/update',0,'GET',1558841598,'{\"id\":\"1\"}'),(1169,1,'cms/article/update',0,'GET',1558841612,'{\"id\":\"1\"}'),(1170,1,'cms/article/update',0,'GET',1558841626,'{\"id\":\"1\"}'),(1171,1,'cms/article/update',0,'GET',1558841646,'{\"id\":\"1\"}'),(1172,1,'cms/article/update',0,'GET',1558841656,'{\"id\":\"1\"}'),(1173,1,'cms/article/update',0,'GET',1558841682,'{\"id\":\"1\"}'),(1174,1,'cms/article/update',0,'GET',1558841724,'{\"id\":\"1\"}'),(1175,1,'cms/article/update',0,'GET',1558841761,'{\"id\":\"1\"}'),(1176,1,'cms/article/update',0,'GET',1558841780,'{\"id\":\"1\"}'),(1177,1,'cms/article/update',0,'GET',1558842208,'{\"id\":\"1\"}'),(1178,1,'cms/article/update',0,'GET',1558842422,'{\"id\":\"1\"}'),(1179,1,'cms/article/update',0,'GET',1558842512,'{\"id\":\"1\"}'),(1180,1,'cms/article/update',0,'GET',1558842547,'{\"id\":\"1\"}'),(1181,1,'cms/article/update',0,'GET',1558842572,'{\"id\":\"1\"}'),(1182,1,'cms/article/update',0,'GET',1558842582,'{\"id\":\"1\"}'),(1183,1,'cms/article/update',0,'GET',1558842643,'{\"id\":\"1\"}'),(1184,1,'cms/article/update',0,'GET',1558842659,'{\"id\":\"1\"}'),(1185,1,'cms/article/update',0,'GET',1558842698,'{\"id\":\"1\"}'),(1186,1,'cms/article/update',0,'GET',1558842706,'{\"id\":\"1\"}'),(1187,1,'cms/article/update',0,'GET',1558842723,'{\"id\":\"1\"}'),(1188,1,'backend/auth-role/index',0,'GET',1558936544,'[]'),(1189,1,'cms/article/index',0,'GET',1558936553,'[]'),(1190,1,'cms/article/view',0,'GET',1558938442,'{\"id\":\"19\"}'),(1191,1,'cms/article/index',0,'GET',1558938445,'[]'),(1192,1,'cms/article/view',0,'GET',1558940239,'{\"id\":\"28\"}'),(1193,1,'cms/article/index',0,'GET',1558940242,'[]'),(1194,1,'cms/article/index',0,'GET',1558948244,'[]'),(1195,1,'cms/article/index',0,'GET',1558948248,'{\"ArticleSearch\":{\"doc_type\":\"article\"}}'),(1196,1,'cms/article/update',0,'GET',1558948252,'{\"id\":\"1\"}'),(1197,1,'travel/product/index',0,'GET',1558962888,'[]'),(1198,1,'cms/article/index',0,'GET',1558962894,'[]'),(1199,1,'cms/article/index',0,'GET',1558962898,'{\"ArticleSearch\":{\"doc_type\":\"article\"}}'),(1200,1,'cms/article/index',0,'GET',1558962905,'{\"ArticleSearch\":{\"doc_type\":\"article\"}}'),(1201,1,'cms/article/update',0,'GET',1558962908,'{\"id\":\"1\"}'),(1202,1,'cms/article/update',0,'POST',1558962925,'{\"id\":\"1\",\"Article\":{\"title\":\"阿里集团提案\",\"slug\":\"\",\"content\":\"<p><img src=\\\"uploads/image/2019/03-26/image5c99b7f5ce2aa7.66541736.png\\\" style=\\\"max-width:100%;\\\"></p><p><br></p>\",\"cat_id\":\"2\",\"enable_comment\":\"0\",\"cover\":\"\",\"keywords\":\"\",\"description\":\"\"},\"cover_crop\":\"\"}'),(1203,1,'cms/article/update',0,'GET',1558962927,'{\"id\":\"1\"}'),(1204,1,'cms/article/index',0,'GET',1558963683,'[]'),(1205,1,'cms/article/update',0,'GET',1558963690,'{\"id\":\"31\"}'),(1206,1,'travel/product/index',0,'GET',1559006849,'[]'),(1207,1,'travel/product/index',0,'GET',1559012229,'[]'),(1208,1,'backend/default/index',0,'GET',1559015157,'[]'),(1209,1,'backend/default/index',0,'GET',1559025931,'[]'),(1210,1,'backend/default/index',0,'GET',1559028901,'[]'),(1211,1,'backend/default/index',0,'GET',1559028932,'[]'),(1212,1,'backend/portal/index',0,'GET',1559028983,'[]'),(1213,1,'backend/portal/create',0,'GET',1559028986,'[]'),(1214,1,'backend/portal/create',0,'POST',1559029033,'{\"Portal\":{\"name\":\"管理员数量\",\"code\":\"\",\"source\":\"\",\"unlimited\":\"0\"},\"ajax\":\"portal-form\"}'),(1215,1,'backend/portal/create',0,'POST',1559029045,'{\"Portal\":{\"name\":\"管理员数量\",\"code\":\"app\\\\backend\\\\portals\\\\AdminCounter\",\"source\":\"\",\"unlimited\":\"0\"},\"ajax\":\"portal-form\"}'),(1216,1,'backend/portal/create',0,'POST',1559029056,'{\"Portal\":{\"name\":\"管理员数量\",\"code\":\"app\\\\backend\\\\portals\\\\AdminCounter\",\"source\":\"系统内置\",\"unlimited\":\"1\"},\"ajax\":\"portal-form\"}'),(1217,1,'backend/portal/create',0,'POST',1559029057,'{\"Portal\":{\"name\":\"管理员数量\",\"code\":\"app\\\\backend\\\\portals\\\\AdminCounter\",\"source\":\"系统内置\",\"unlimited\":\"1\"},\"ajax\":\"portal-form\"}'),(1218,1,'backend/portal/create',0,'POST',1559029058,'{\"Portal\":{\"name\":\"管理员数量\",\"code\":\"app\\\\backend\\\\portals\\\\AdminCounter\",\"source\":\"系统内置\",\"unlimited\":\"1\"}}'),(1219,1,'backend/portal/index',0,'GET',1559029059,'[]'),(1220,1,'backend/portal/index',0,'GET',1559029093,'[]'),(1221,1,'backend/portal/update',0,'GET',1559029097,'{\"id\":\"1\"}'),(1222,1,'backend/portal/update',0,'POST',1559029102,'{\"id\":\"1\",\"Portal\":{\"name\":\"管理员数量\",\"code\":\"app\\\\backend\\\\portals\\\\AdminCounterPortal\",\"source\":\"系统内置\",\"unlimited\":\"1\"},\"ajax\":\"portal-form\"}'),(1223,1,'backend/portal/update',0,'POST',1559029104,'{\"id\":\"1\",\"Portal\":{\"name\":\"管理员数量\",\"code\":\"app\\\\backend\\\\portals\\\\AdminCounterPortal\",\"source\":\"系统内置\",\"unlimited\":\"1\"}}'),(1224,1,'backend/portal/index',0,'GET',1559029105,'[]'),(1225,1,'backend/default/index',0,'GET',1559029130,'[]'),(1226,1,'backend/default/index',0,'GET',1559029228,'[]'),(1227,1,'backend/default/index',0,'GET',1559029252,'[]'),(1228,1,'backend/default/index',0,'GET',1559029527,'[]'),(1229,1,'backend/default/index',0,'GET',1559029531,'[]'),(1230,1,'backend/default/index',0,'GET',1559030182,'[]'),(1231,1,'backend/default/index',0,'GET',1559030185,'[]'),(1232,1,'backend/default/index',0,'GET',1559030209,'[]'),(1233,1,'backend/default/index',0,'GET',1559030213,'[]'),(1234,1,'backend/default/index',0,'GET',1559030216,'[]'),(1235,1,'backend/default/index',0,'GET',1559030259,'[]'),(1236,1,'backend/default/index',0,'GET',1559030447,'[]'),(1237,1,'backend/default/index',0,'GET',1559030484,'[]'),(1238,1,'backend/default/index',0,'GET',1559030508,'[]'),(1239,1,'backend/default/index',0,'GET',1559030518,'[]'),(1240,1,'backend/portal/index',0,'GET',1559030847,'[]'),(1241,1,'backend/portal/create',0,'GET',1559030852,'[]'),(1242,1,'backend/portal/create',0,'POST',1559030859,'{\"Portal\":{\"name\":\"系统信息\",\"code\":\"\",\"source\":\"\",\"unlimited\":\"0\"},\"ajax\":\"portal-form\"}'),(1243,1,'backend/portal/create',0,'POST',1559030873,'{\"Portal\":{\"name\":\"系统信息\",\"code\":\"app\\\\backend\\\\portals\\\\SystemInfoPortal\",\"source\":\"\",\"unlimited\":\"0\"},\"ajax\":\"portal-form\"}'),(1244,1,'backend/portal/create',0,'POST',1559030880,'{\"Portal\":{\"name\":\"系统信息\",\"code\":\"app\\\\backend\\\\portals\\\\SystemInfoPortal\",\"source\":\"系统内置\",\"unlimited\":\"1\"},\"ajax\":\"portal-form\"}'),(1245,1,'backend/portal/create',0,'POST',1559030880,'{\"Portal\":{\"name\":\"系统信息\",\"code\":\"app\\\\backend\\\\portals\\\\SystemInfoPortal\",\"source\":\"系统内置\",\"unlimited\":\"1\"},\"ajax\":\"portal-form\"}'),(1246,1,'backend/portal/create',0,'POST',1559030882,'{\"Portal\":{\"name\":\"系统信息\",\"code\":\"app\\\\backend\\\\portals\\\\SystemInfoPortal\",\"source\":\"系统内置\",\"unlimited\":\"1\"}}'),(1247,1,'backend/portal/index',0,'GET',1559030883,'[]'),(1248,1,'backend/default/index',0,'GET',1559030892,'[]'),(1249,1,'backend/default/index',0,'GET',1559030929,'[]'),(1250,1,'backend/default/index',0,'GET',1559031032,'[]'),(1251,1,'backend/default/index',0,'GET',1559031060,'[]'),(1252,1,'backend/portal/index',0,'GET',1559031484,'[]'),(1253,1,'backend/portal/create',0,'GET',1559031487,'[]'),(1254,1,'backend/portal/create',0,'POST',1559031492,'{\"Portal\":{\"name\":\"日历\",\"code\":\"\",\"source\":\"\",\"unlimited\":\"0\"},\"ajax\":\"portal-form\"}'),(1255,1,'backend/portal/create',0,'POST',1559031505,'{\"Portal\":{\"name\":\"日历\",\"code\":\"app\\\\backend\\\\portals\\\\Lunar\",\"source\":\"\",\"unlimited\":\"0\"},\"ajax\":\"portal-form\"}'),(1256,1,'backend/portal/create',0,'POST',1559031510,'{\"Portal\":{\"name\":\"日历\",\"code\":\"app\\\\backend\\\\portals\\\\Lunar\",\"source\":\"系统内置\",\"unlimited\":\"1\"},\"ajax\":\"portal-form\"}'),(1257,1,'backend/portal/create',0,'POST',1559031511,'{\"Portal\":{\"name\":\"日历\",\"code\":\"app\\\\backend\\\\portals\\\\Lunar\",\"source\":\"系统内置\",\"unlimited\":\"1\"},\"ajax\":\"portal-form\"}'),(1258,1,'backend/portal/create',0,'POST',1559031512,'{\"Portal\":{\"name\":\"日历\",\"code\":\"app\\\\backend\\\\portals\\\\Lunar\",\"source\":\"系统内置\",\"unlimited\":\"1\"}}'),(1259,1,'backend/portal/index',0,'GET',1559031514,'[]'),(1260,1,'backend/default/index',0,'GET',1559031581,'[]'),(1261,1,'backend/default/index',0,'GET',1559031615,'[]'),(1262,1,'backend/portal/index',0,'GET',1559031859,'[]'),(1263,1,'backend/default/index',0,'GET',1559032025,'[]'),(1264,1,'backend/default/index',0,'GET',1559032383,'[]'),(1265,1,'backend/default/index',0,'GET',1559032413,'[]'),(1266,1,'backend/default/index',0,'GET',1559032617,'[]'),(1267,1,'backend/default/index',0,'GET',1559032640,'[]'),(1268,1,'backend/default/index',0,'GET',1559032681,'[]'),(1269,1,'backend/portal/index',0,'GET',1559033133,'[]'),(1270,1,'backend/portal/index',0,'GET',1559033166,'[]'),(1271,1,'backend/portal/view',0,'GET',1559033169,'{\"id\":\"1\"}'),(1272,1,'backend/portal/index',0,'GET',1559033685,'[]'),(1273,1,'backend/portal/index',0,'GET',1559033950,'[]'),(1274,1,'backend/default/index',0,'GET',1559033953,'[]'),(1275,1,'backend/portal/index',0,'GET',1559034597,'[]'),(1276,1,'backend/portal/create',0,'GET',1559034600,'[]'),(1277,1,'backend/portal/create',0,'POST',1559034610,'{\"Portal\":{\"name\":\"项目gitee日志\",\"code\":\"\",\"source\":\"\",\"is_static\":\"0\",\"unlimited\":\"0\"},\"ajax\":\"portal-form\"}'),(1278,1,'backend/portal/create',0,'POST',1559034614,'{\"Portal\":{\"name\":\"项目gitee日志\",\"code\":\"app\\\\backend\\\\portals\\\\AdminCounter\",\"source\":\"\",\"is_static\":\"0\",\"unlimited\":\"0\"},\"ajax\":\"portal-form\"}'),(1279,1,'backend/portal/create',0,'POST',1559034629,'{\"Portal\":{\"name\":\"项目gitee日志\",\"code\":\"app\\\\backend\\\\portals\\\\GiteeProjectCommitsPortal\",\"source\":\"\",\"is_static\":\"0\",\"unlimited\":\"0\"},\"ajax\":\"portal-form\"}'),(1280,1,'backend/portal/create',0,'POST',1559034636,'{\"Portal\":{\"name\":\"项目gitee日志\",\"code\":\"app\\\\backend\\\\portals\\\\GiteeProjectCommitsPortal\",\"source\":\"系统内置\",\"is_static\":\"1\",\"unlimited\":\"0\"},\"ajax\":\"portal-form\"}'),(1281,1,'backend/portal/create',0,'POST',1559034637,'{\"Portal\":{\"name\":\"项目gitee日志\",\"code\":\"app\\\\backend\\\\portals\\\\GiteeProjectCommitsPortal\",\"source\":\"系统内置\",\"is_static\":\"1\",\"unlimited\":\"1\"},\"ajax\":\"portal-form\"}'),(1282,1,'backend/portal/create',0,'POST',1559034638,'{\"Portal\":{\"name\":\"项目gitee日志\",\"code\":\"app\\\\backend\\\\portals\\\\GiteeProjectCommitsPortal\",\"source\":\"系统内置\",\"is_static\":\"0\",\"unlimited\":\"1\"},\"ajax\":\"portal-form\"}'),(1283,1,'backend/portal/create',0,'POST',1559034639,'{\"Portal\":{\"name\":\"项目gitee日志\",\"code\":\"app\\\\backend\\\\portals\\\\GiteeProjectCommitsPortal\",\"source\":\"系统内置\",\"is_static\":\"0\",\"unlimited\":\"1\"},\"ajax\":\"portal-form\"}'),(1284,1,'backend/portal/create',0,'POST',1559034640,'{\"Portal\":{\"name\":\"项目gitee日志\",\"code\":\"app\\\\backend\\\\portals\\\\GiteeProjectCommitsPortal\",\"source\":\"系统内置\",\"is_static\":\"0\",\"unlimited\":\"1\"}}'),(1285,1,'backend/portal/index',0,'GET',1559034641,'[]'),(1286,1,'backend/default/index',0,'GET',1559034646,'[]'),(1287,1,'backend/default/index',0,'GET',1559034716,'[]'),(1288,1,'backend/default/index',0,'GET',1559034738,'[]'),(1289,1,'backend/admin/index',0,'GET',1559034774,'[]'),(1290,1,'backend/default/index',0,'GET',1559034778,'[]'),(1291,1,'backend/default/index',0,'GET',1559034842,'[]'),(1292,1,'backend/default/index',0,'GET',1559034853,'[]'),(1293,1,'backend/default/index',0,'GET',1559034864,'[]'),(1294,1,'backend/default/index',0,'GET',1559034893,'[]'),(1295,1,'backend/default/index',0,'GET',1559035055,'[]'),(1296,1,'backend/default/index',0,'GET',1559035071,'[]'),(1297,1,'backend/default/index',0,'GET',1559035114,'[]'),(1298,1,'backend/default/index',0,'GET',1559035119,'[]'),(1299,1,'backend/auth-role/index',0,'GET',1559035138,'[]'),(1300,1,'backend/auth-rule/index',0,'GET',1559035141,'[]'),(1301,1,'backend/auth-rule/index',0,'GET',1559035151,'[]'),(1302,1,'backend/menu/index',0,'GET',1559035177,'[]'),(1303,1,'backend/menu/index',0,'GET',1559035183,'{\"MenuSearch\":{\"is_front\":\"0\"}}'),(1304,1,'backend/menu/update',0,'GET',1559035188,'{\"id\":\"16\"}'),(1305,1,'backend/menu/update',0,'POST',1559035199,'{\"id\":\"16\",\"Menu\":{\"is_front\":\"0\",\"pid\":\"6\",\"name\":\"代码资源\",\"url\":\"?r=/asset/manage\",\"icon\":\"fa fa-cogs\",\"sort\":\"3\"},\"ajax\":\"sys-menu-form\"}'),(1306,1,'backend/menu/update',0,'POST',1559035201,'{\"id\":\"16\",\"Menu\":{\"is_front\":\"0\",\"pid\":\"6\",\"name\":\"代码资源\",\"url\":\"?r=/asset/manage\",\"icon\":\"fa fa-cogs\",\"sort\":\"3\"}}'),(1307,1,'backend/menu/index',0,'GET',1559035202,'{\"MenuSearch\":{\"is_front\":\"0\"}}'),(1308,1,'backend/auth-rule/index',0,'GET',1559035215,'[]'),(1309,1,'backend/auth-rule/index',0,'GET',1559035218,'[]'),(1310,1,'asset/manage/index',0,'GET',1559035223,'[]'),(1311,1,'asset/manage/create',0,'GET',1559035229,'[]'),(1312,1,'backend/default/index',0,'GET',1559035239,'[]'),(1313,1,'backend/action-log/index',0,'GET',1559035293,'[]'),(1314,1,'backend/admin/index',0,'GET',1559035318,'[]'),(1315,1,'backend/default/index',0,'GET',1559035399,'[]'),(1316,1,'travel/product/index',0,'GET',1559050805,'[]'),(1317,1,'travel/product/create',0,'GET',1559050893,'[]'),(1318,1,'backend/default/index',0,'GET',1559050915,'[]'),(1319,1,'backend/default/index',0,'GET',1559051224,'[]'),(1320,1,'backend/default/index',0,'GET',1559051552,'[]'),(1321,1,'backend/default/index',0,'GET',1559051632,'[]'),(1322,1,'cms/article/index',0,'GET',1559051940,'[]'),(1323,1,'cms/article/index',0,'GET',1559052318,'[]'),(1324,1,'cms/article/index',0,'GET',1559052793,'[]'),(1325,1,'cms/article/index',0,'GET',1559052835,'[]'),(1326,1,'cms/article/index',0,'GET',1559052848,'[]'),(1327,1,'cms/article/index',0,'GET',1559052930,'[]'),(1328,1,'cms/article/index',0,'GET',1559052968,'{\"ArticleSearch\":{\"doc_type\":\"article\"}}'),(1329,1,'backend/auth-role/index',0,'GET',1559052974,'[]'),(1330,1,'backend/auth-permission/index',0,'GET',1559052978,'[]'),(1331,1,'backend/default/index',0,'GET',1559053028,'[]'),(1332,1,'asset/manage/index',0,'GET',1559053033,'[]'),(1333,1,'asset/manage/create',0,'GET',1559053037,'[]'),(1334,1,'asset/manage/index',0,'GET',1559053472,'[]'),(1335,1,'asset/manage/index',0,'GET',1559053549,'[]'),(1336,1,'cms/article/index',0,'GET',1559053603,'[]'),(1337,1,'cms/article/index',0,'GET',1559053608,'{\"ArticleSearch\":{\"doc_type\":\"article\"}}'),(1338,1,'cms/article/create',0,'GET',1559053611,'{\"Article\":{\"doc_type\":\"article\"}}'),(1339,1,'cms/article/update',0,'GET',1559053626,'{\"id\":\"31\"}'),(1340,1,'backend/default/index',2130706433,'GET',1559096996,'[]'),(1341,1,'backend/default/index',2130706433,'GET',1559097881,'[]'),(1342,1,'backend/portal/index',0,'GET',1559100669,'[]'),(1343,1,'backend/portal/create',0,'GET',1559100672,'[]'),(1344,1,'backend/portal/create',0,'POST',1559100685,'{\"Portal\":{\"name\":\"文章数量统计\",\"code\":\"\",\"source\":\"\",\"is_static\":\"0\",\"unlimited\":\"0\"},\"ajax\":\"portal-form\"}'),(1345,1,'backend/portal/create',0,'POST',1559100704,'{\"Portal\":{\"name\":\"文章数量统计\",\"code\":\"app\\\\addons\\\\cms\\\\portals\\\\ArticleCounterPortal\",\"source\":\"\",\"is_static\":\"0\",\"unlimited\":\"0\"},\"ajax\":\"portal-form\"}'),(1346,1,'backend/portal/create',0,'POST',1559100710,'{\"Portal\":{\"name\":\"文章数量统计\",\"code\":\"app\\\\addons\\\\cms\\\\portals\\\\ArticleCounterPortal\",\"source\":\"CMS\",\"is_static\":\"1\",\"unlimited\":\"0\"},\"ajax\":\"portal-form\"}'),(1347,1,'backend/portal/create',0,'POST',1559100712,'{\"Portal\":{\"name\":\"文章数量统计\",\"code\":\"app\\\\addons\\\\cms\\\\portals\\\\ArticleCounterPortal\",\"source\":\"CMS\",\"is_static\":\"1\",\"unlimited\":\"1\"},\"ajax\":\"portal-form\"}'),(1348,1,'backend/portal/create',0,'POST',1559100713,'{\"Portal\":{\"name\":\"文章数量统计\",\"code\":\"app\\\\addons\\\\cms\\\\portals\\\\ArticleCounterPortal\",\"source\":\"CMS\",\"is_static\":\"1\",\"unlimited\":\"1\"},\"ajax\":\"portal-form\"}'),(1349,1,'backend/portal/create',0,'POST',1559100714,'{\"Portal\":{\"name\":\"文章数量统计\",\"code\":\"app\\\\addons\\\\cms\\\\portals\\\\ArticleCounterPortal\",\"source\":\"CMS\",\"is_static\":\"1\",\"unlimited\":\"1\"}}'),(1350,1,'backend/portal/index',0,'GET',1559100716,'[]'),(1351,1,'backend/default/index',0,'GET',1559100720,'[]'),(1352,1,'backend/default/index',0,'GET',1559100818,'[]'),(1353,1,'backend/default/index',0,'GET',1559100856,'[]'),(1354,1,'backend/default/index',0,'GET',1559100873,'[]'),(1355,1,'backend/default/index',0,'GET',1559100935,'[]'),(1356,1,'backend/default/index',0,'GET',1559101037,'[]'),(1357,1,'backend/default/index',0,'GET',1559101214,'[]'),(1358,1,'cms/article/index',0,'GET',1559101217,'[]'),(1359,1,'cms/article/index',0,'GET',1559101228,'[]'),(1360,1,'backend/portal/index',0,'GET',1559101824,'[]'),(1361,1,'backend/portal/create',0,'GET',1559101827,'[]'),(1362,1,'backend/portal/create',0,'POST',1559101837,'{\"Portal\":{\"name\":\"出游地址数量\",\"code\":\"\",\"source\":\"\",\"is_static\":\"0\",\"unlimited\":\"0\"},\"ajax\":\"portal-form\"}'),(1363,1,'backend/portal/create',0,'POST',1559101858,'{\"Portal\":{\"name\":\"出游地址数量\",\"code\":\"app\\\\addons\\\\travel\\\\portals\\\\CustomizationCounterPortal\",\"source\":\"\",\"is_static\":\"0\",\"unlimited\":\"0\"},\"ajax\":\"portal-form\"}'),(1364,1,'backend/portal/create',0,'POST',1559101864,'{\"Portal\":{\"name\":\"出游地址数量\",\"code\":\"app\\\\addons\\\\travel\\\\portals\\\\CustomizationCounterPortal\",\"source\":\"Travel\",\"is_static\":\"1\",\"unlimited\":\"0\"},\"ajax\":\"portal-form\"}'),(1365,1,'backend/portal/create',0,'POST',1559101866,'{\"Portal\":{\"name\":\"出游地址数量\",\"code\":\"app\\\\addons\\\\travel\\\\portals\\\\CustomizationCounterPortal\",\"source\":\"Travel\",\"is_static\":\"1\",\"unlimited\":\"1\"},\"ajax\":\"portal-form\"}'),(1366,1,'backend/portal/create',0,'POST',1559101867,'{\"Portal\":{\"name\":\"出游地址数量\",\"code\":\"app\\\\addons\\\\travel\\\\portals\\\\CustomizationCounterPortal\",\"source\":\"Travel\",\"is_static\":\"1\",\"unlimited\":\"1\"},\"ajax\":\"portal-form\"}'),(1367,1,'backend/portal/create',0,'POST',1559101868,'{\"Portal\":{\"name\":\"出游地址数量\",\"code\":\"app\\\\addons\\\\travel\\\\portals\\\\CustomizationCounterPortal\",\"source\":\"Travel\",\"is_static\":\"1\",\"unlimited\":\"1\"}}'),(1368,1,'backend/portal/index',0,'GET',1559101869,'[]'),(1369,1,'backend/default/index',0,'GET',1559101873,'[]'),(1370,1,'backend/portal/index',0,'GET',1559103457,'[]'),(1371,1,'backend/portal/create',0,'GET',1559103460,'[]'),(1372,1,'backend/portal/create',0,'POST',1559103474,'{\"Portal\":{\"name\":\"单页数量\",\"code\":\"\",\"source\":\"\",\"is_static\":\"0\",\"unlimited\":\"0\"},\"ajax\":\"portal-form\"}'),(1373,1,'backend/portal/create',0,'POST',1559103492,'{\"Portal\":{\"name\":\"单页数量\",\"code\":\"app\\\\addons\\\\page\\\\portals\\\\PageCounterPortal\",\"source\":\"\",\"is_static\":\"0\",\"unlimited\":\"0\"},\"ajax\":\"portal-form\"}'),(1374,1,'backend/portal/create',0,'POST',1559103498,'{\"Portal\":{\"name\":\"单页数量\",\"code\":\"app\\\\addons\\\\page\\\\portals\\\\PageCounterPortal\",\"source\":\"Page\",\"is_static\":\"1\",\"unlimited\":\"0\"},\"ajax\":\"portal-form\"}'),(1375,1,'backend/portal/create',0,'POST',1559103499,'{\"Portal\":{\"name\":\"单页数量\",\"code\":\"app\\\\addons\\\\page\\\\portals\\\\PageCounterPortal\",\"source\":\"Page\",\"is_static\":\"1\",\"unlimited\":\"1\"},\"ajax\":\"portal-form\"}'),(1376,1,'backend/portal/create',0,'POST',1559103500,'{\"Portal\":{\"name\":\"单页数量\",\"code\":\"app\\\\addons\\\\page\\\\portals\\\\PageCounterPortal\",\"source\":\"Page\",\"is_static\":\"1\",\"unlimited\":\"1\"},\"ajax\":\"portal-form\"}'),(1377,1,'backend/portal/create',0,'POST',1559103501,'{\"Portal\":{\"name\":\"单页数量\",\"code\":\"app\\\\addons\\\\page\\\\portals\\\\PageCounterPortal\",\"source\":\"Page\",\"is_static\":\"1\",\"unlimited\":\"1\"}}'),(1378,1,'backend/portal/index',0,'GET',1559103502,'[]'),(1379,1,'backend/default/index',0,'GET',1559103527,'[]'),(1380,1,'backend/default/index',0,'GET',1559103567,'[]'),(1381,1,'backend/default/index',0,'GET',1559103597,'[]'),(1382,1,'backend/default/index',0,'GET',1559103619,'[]'),(1383,1,'backend/default/index',0,'GET',1559103664,'[]'),(1384,1,'backend/default/index',0,'GET',1559103701,'[]'),(1385,1,'backend/default/index',0,'GET',1559103730,'[]'),(1386,1,'backend/default/index',0,'GET',1559103731,'[]'),(1387,1,'backend/default/index',0,'GET',1559103740,'[]'),(1388,1,'cms/article/index',2130706433,'GET',1559182762,'[]'),(1389,1,'cms/article/index',2130706433,'GET',1559183091,'[]'),(1390,1,'cms/article/index',2130706433,'GET',1559183607,'[]'),(1391,1,'cms/article/index',2130706433,'GET',1559183622,'[]'),(1392,1,'cms/article/index',2130706433,'GET',1559183637,'[]'),(1393,1,'cms/article/index',2130706433,'GET',1559183678,'[]'),(1394,1,'cms/article/index',2130706433,'GET',1559183732,'[]'),(1395,1,'cms/article/index',2130706433,'GET',1559183750,'[]'),(1396,1,'cms/article/index',2130706433,'GET',1559183773,'[]'),(1397,1,'cms/article/index',2130706433,'GET',1559183827,'[]'),(1398,1,'cms/article/index',2130706433,'GET',1559184620,'[]'),(1399,1,'cms/article/index',2130706433,'GET',1559184681,'[]'),(1400,1,'cms/article/index',2130706433,'GET',1559184694,'[]'),(1401,1,'cms/article/index',2130706433,'GET',1559184722,'[]'),(1402,1,'cms/article/index',2130706433,'GET',1559184966,'[]'),(1403,1,'cms/article/index',2130706433,'GET',1559186757,'[]'),(1404,1,'cms/article/index',2130706433,'GET',1559186807,'[]'),(1405,1,'backend/auth-admin-group/index',0,'GET',1559195239,'[]'),(1406,1,'backend/auth-admin-group/index',0,'GET',1559195242,'{\"AuthGroupSearch\":{\"type\":\"2\"}}'),(1407,1,'backend/auth-admin-group/index',0,'GET',1559195246,'{\"AuthGroupSearch\":{\"type\":\"1\"}}'),(1408,1,'backend/auth-role/index',0,'GET',1559195249,'[]'),(1409,1,'backend/auth-permission/index',0,'GET',1559195253,'[]'),(1410,1,'backend/auth-rule/index',0,'GET',1559195257,'[]'),(1411,1,'backend/auth-role/index',0,'GET',1559195263,'[]'),(1412,1,'cms/article/index',0,'GET',1559195376,'[]'),(1413,1,'cms/article/update',0,'GET',1559199197,'{\"id\":\"31\"}'),(1414,1,'cms/article/update',0,'GET',1559199226,'{\"id\":\"31\"}'),(1415,1,'cms/article/update',0,'POST',1559199250,'{\"id\":\"31\",\"Article\":{\"title\":\"测试属性行为\",\"slug\":\"test-code-attribute-behavior\",\"content\":\"<p>测试属性是否自动填充<br></p><pre><code>class AddonAsset extends AssetBundle<br>{<br><br>    public function init()<br>    {<br>        if(empty($this-&gt;baseUrl)) {<br>            $this-&gt;sourcePath = __DIR__ . DIRECTORY_SEPARATOR . \'cms\';<br>        }<br>    }<br><br>    public $css = [<br>        \'cms.css\'<br>    ];<br>    <br>    public $depends = [<br>        \'yii\\\\bootstrap\\\\BootstrapPluginAsset\'<br>    ];<br>}</code></pre><p><br></p>\",\"cat_id\":\"1\",\"enable_comment\":\"0\",\"cover\":\"\",\"keywords\":\"\",\"description\":\"\"},\"cover_crop\":\"\"}'),(1416,1,'cms/article/update',0,'GET',1559199251,'{\"id\":\"31\"}'),(1417,1,'cms/article/update',0,'GET',1559201899,'{\"id\":\"31\"}'),(1418,1,'cms/article/update',0,'GET',1559202137,'{\"id\":\"31\"}'),(1419,1,'cms/article/update',0,'GET',1559202692,'{\"id\":\"31\"}'),(1420,1,'cms/article/update',0,'GET',1559203132,'{\"id\":\"31\"}'),(1421,1,'cms/article/update',0,'POST',1559203185,'{\"id\":\"31\",\"Article\":{\"title\":\"测试属性行为\",\"slug\":\"test-code-attribute-behavior\",\"content\":\"<p>测试属性是否自动填充</p><pre><code class=\\\"php\\\">namespace app\\\\addons\\\\wangeditor\\\\assets;<br><br>use yii\\\\web\\\\AssetBundle;<br><br>/**<br> * wangeditor<br> * &lt;link&gt;http://www.wangeditor.com&lt;/link&gt;<br> *<br> * @author dungang<br> */<br>class WangEditorAsset extends AssetBundle<br>{<br><br>    public function init()<br>    {<br>        if(empty($this-&gt;baseUrl)) {<br>            $this-&gt;sourcePath = __DIR__ . DIRECTORY_SEPARATOR . \'wang-editor\';<br>        }<br>    }<br><br>    public $js = [<br>        \'wangEditor.min.js\',<br>    ];<br><br>    public $css = [<br>        \'wangEditor.min.css\'<br>    ];<br><br>    public $depends = [<br>        \'yii\\\\web\\\\JqueryAsset\'<br>    ];<br>}</code></pre>\",\"cat_id\":\"1\",\"enable_comment\":\"0\",\"cover\":\"\",\"keywords\":\"\",\"description\":\"\"},\"cover_crop\":\"\"}'),(1422,1,'cms/article/update',0,'GET',1559203187,'{\"id\":\"31\"}'),(1423,1,'cms/article/update',0,'GET',1559204433,'{\"id\":\"31\"}'),(1424,1,'cms/article/update',0,'GET',1559265152,'{\"id\":\"31\"}'),(1425,1,'cms/article/update',0,'POST',1559265168,'{\"id\":\"31\",\"Article\":{\"title\":\"测试属性行为\",\"slug\":\"test-code-attribute-behavior\",\"content\":\"<p>测试属性是否自动填充</p><br><pre><code class=\\\"lang-php\\\">namespace app\\\\addons\\\\wangeditor\\\\assets;<br><br>use yii\\\\web\\\\AssetBundle;<br><br>/**<br> * wangeditor<br> * &lt;link&gt;http://www.wangeditor.com&lt;/link&gt;<br> *<br> * @author dungang<br> */<br>class WangEditorAsset extends AssetBundle<br>{<br><br>    public function init()<br>    {<br>        if(empty($this-&gt;baseUrl)) {<br>            $this-&gt;sourcePath = __DIR__ . DIRECTORY_SEPARATOR . \'wang-editor\';<br>        }<br>    }<br><br>    public $js = [<br>        \'wangEditor.min.js\',<br>    ];<br><br>    public $css = [<br>        \'wangEditor.min.css\'<br>    ];<br><br>    public $depends = [<br>        \'yii\\\\web\\\\JqueryAsset\'<br>    ];<br>}</code></pre><p><br></p>\",\"cat_id\":\"1\",\"enable_comment\":\"0\",\"cover\":\"\",\"keywords\":\"\",\"description\":\"\"},\"cover_crop\":\"\"}'),(1426,1,'cms/article/update',0,'GET',1559265169,'{\"id\":\"31\"}'),(1427,1,'cms/article/update',0,'GET',1559265978,'{\"id\":\"31\"}'),(1428,1,'cms/article/update',0,'POST',1559265991,'{\"id\":\"31\",\"Article\":{\"title\":\"测试属性行为\",\"slug\":\"test-code-attribute-behavior\",\"content\":\"<p>测试属性是否自动填充</p><br><pre><code>namespace app\\\\addons\\\\wangeditor\\\\assets;<br><br>use yii\\\\web\\\\AssetBundle;<br><br>/**<br> * wangeditor<br> * &lt;link&gt;http://www.wangeditor.com&lt;/link&gt;<br> *<br> * @author dungang<br> */<br>class WangEditorAsset extends AssetBundle<br>{<br><br>    public function init()<br>    {<br>        if(empty($this-&gt;baseUrl)) {<br>            $this-&gt;sourcePath = __DIR__ . DIRECTORY_SEPARATOR . \'wang-editor\';<br>        }<br>    }<br><br>    public $js = [<br>        \'wangEditor.min.js\',<br>    ];<br><br>    public $css = [<br>        \'wangEditor.min.css\'<br>    ];<br><br>    public $depends = [<br>        \'yii\\\\web\\\\JqueryAsset\'<br>    ];<br>}</code></pre><p><br></p>\",\"cat_id\":\"1\",\"enable_comment\":\"0\",\"cover\":\"\",\"keywords\":\"\",\"description\":\"\"},\"cover_crop\":\"\"}'),(1429,1,'cms/article/update',0,'GET',1559265993,'{\"id\":\"31\"}'),(1430,1,'cms/article/index',0,'GET',1559273318,'[]'),(1431,1,'cms/article/create',0,'GET',1559275020,'{\"Article\":{\"doc_type\":\"article\"}}'),(1432,1,'school/school/index',0,'GET',1559647675,'[]'),(1433,1,'backend/auth-role/index',0,'GET',1559647946,'[]'),(1434,1,'backend/default/index',0,'GET',1559648376,'[]'),(1435,1,'school/school/index',0,'GET',1559649409,'[]'),(1436,1,'school/school/index',0,'GET',1559649417,'{\"SchoolSearch\":{\"district_id\":\"3\"}}'),(1437,1,'school/school/index',0,'GET',1559649479,'{\"SchoolSearch\":{\"district_id\":\"3\"}}'),(1438,1,'wechat/user/index',0,'GET',1559649502,'[]'),(1439,1,'wechat/user/index',0,'GET',1559649544,'[]'),(1440,1,'backend/default/index',0,'GET',1559829615,'[]'),(1441,1,'school/school/index',0,'GET',1559829633,'[]'),(1442,1,'school/district/index',0,'GET',1559830089,'[]'),(1443,1,'travel/product/index',0,'GET',1560234479,'[]'),(1444,1,'backend/default/index',0,'GET',1560234488,'[]'),(1445,1,'backend/auth-role/index',0,'GET',1560234493,'[]'),(1446,1,'backend/auth-role/create',0,'GET',1560234496,'{\"AuthRole\":{\"group_name\":\"backend\"}}'),(1447,1,'backend/admin/index',0,'GET',1560234501,'[]'),(1448,1,'backend/admin/create',0,'GET',1560234504,'[]'),(1449,1,'backend/auth-admin-group/index',0,'GET',1560234509,'[]'),(1450,1,'backend/auth-admin-group/batch-create',0,'GET',1560234512,'{\"AuthGroup\":{\"type\":\"1\"}}'),(1451,1,'backend/auth-admin-group/batch-create',0,'GET',1560234571,'{\"AuthGroup\":{\"type\":\"1\"}}'),(1452,1,'backend/auth-admin-group/index',0,'GET',1560234580,'[]'),(1453,1,'backend/auth-admin-group/batch-create',0,'GET',1560234583,'{\"AuthGroup\":{\"type\":\"1\"}}');

#
# Structure for table "bai_asset"
#

DROP TABLE IF EXISTS `bai_asset`;
CREATE TABLE `bai_asset` (
  `id` int(11) NOT NULL AUTO_INCREMENT,
  `name` varchar(128) NOT NULL COMMENT '类名',
  `is_active` bit(1) NOT NULL DEFAULT b'1' COMMENT '有效',
  `baseUrl` varchar(255) DEFAULT NULL COMMENT '基础地址',
  `css` text COMMENT 'CSS文件',
  `js` text COMMENT 'JS文件',
  `level` varchar(64) NOT NULL DEFAULT 'common' COMMENT '级别',
  PRIMARY KEY (`id`)
) ENGINE=InnoDB AUTO_INCREMENT=16 DEFAULT CHARSET=utf8mb4 COMMENT='系统资源文件';

#
# Data for table "bai_asset"
#

INSERT INTO `bai_asset` VALUES (1,'yii\\web\\JqueryAsset',b'1','http://fanmei-cms.oss-cn-shenzhen.aliyuncs.com/assets/jquery','','jquery.js ','common'),(2,'app\\kit\\assets\\SwiperAsset',b'1','http://fanmei-cms.oss-cn-shenzhen.aliyuncs.com/assets/swiper','css/swiper.min.css,css/animate.min.css ','js/swiper.min.js,js/swiper.animate1.0.3.min.js ','common'),(3,'yii\\validators\\ValidationAsset',b'1','http://fanmei-cms.oss-cn-shenzhen.aliyuncs.com/assets/yii','','yii.validation.js ','common'),(4,'yii\\widgets\\ActiveFormAsset',b'1','http://fanmei-cms.oss-cn-shenzhen.aliyuncs.com/assets/yii','','yii.activeForm.js ','common'),(5,'app\\kit\\assets\\NotifyAsset',b'1','http://fanmei-cms.oss-cn-shenzhen.aliyuncs.com/assets/notifIt','css/notifIt.min.css','js/notifIt.min.js','common'),(6,'app\\addons\\travel\\assets\\TravelAsset',b'1','http://fanmei-cms.oss-cn-shenzhen.aliyuncs.com/assets','font-awesome/css/font-awesome.min.css','','common'),(7,'app\\kit\\assets\\LazyLoadAsset',b'1','http://fanmei-cms.oss-cn-shenzhen.aliyuncs.com/assets/js','','jquery.lazyload.min.js','common'),(8,'yii\\web\\YiiAsset',b'1','http://fanmei-cms.oss-cn-shenzhen.aliyuncs.com/assets/yii','','yii.js','common'),(9,'yii\\bootstrap\\BootstrapPluginAsset',b'1','http://fanmei-cms.oss-cn-shenzhen.aliyuncs.com/assets','','js/bootstrap.min.js ','common'),(10,'yii\\bootstrap\\BootstrapAsset',b'1','http://fanmei-cms.oss-cn-shenzhen.aliyuncs.com/assets','css/bootstrap.min.css','','common'),(11,'yii\\grid\\GridViewAsset',b'1','http://fanmei-cms.oss-cn-shenzhen.aliyuncs.com/assets/yii','','yii.gridView.js','common'),(12,'yii\\widgets\\PjaxAsset',b'1','http://fanmei-cms.oss-cn-shenzhen.aliyuncs.com/assets/yii','','jquery.pjax.js','common'),(13,'yii\\bootstrap\\BootstrapAsset',b'1','http://fanmei-cms.oss-cn-shenzhen.aliyuncs.com/assets','css/bootstrap-flatly.min.css','','travel'),(14,'yii\\bootstrap\\BootstrapAsset',b'1','http://fanmei-cms.oss-cn-shenzhen.aliyuncs.com/assets','css/bootstrap-flatly.min.css','','frontend'),(15,'yii\\bootstrap\\BootstrapAsset',b'1','http://fanmei-cms.oss-cn-shenzhen.aliyuncs.com/assets','css/bootstrap.min.css','','taobaoke');

#
# Structure for table "bai_auth_group"
#

DROP TABLE IF EXISTS `bai_auth_group`;
CREATE TABLE `bai_auth_group` (
  `name` varchar(128) NOT NULL COMMENT '组',
  `title` varchar(128) NOT NULL COMMENT '标题',
  `type` smallint(6) NOT NULL DEFAULT '1' COMMENT '类型',
  `is_backend` bit(1) NOT NULL DEFAULT b'1' COMMENT '是后台',
  PRIMARY KEY (`name`)
) ENGINE=InnoDB DEFAULT CHARSET=utf8mb4 COMMENT='权限组';

#
# Data for table "bai_auth_group"
#

INSERT INTO `bai_auth_group` VALUES ('backend','后台用户',1,b'1'),('content-manage','内容管理',2,b'1'),('develop-manage','开发管理',2,b'1'),('frontend','前台用户',1,b'0'),('permission-manage','权限管理',2,b'1'),('school-manage','校园管理',2,b'0'),('system-manage','系统管理',2,b'1'),('user-manage','用户管理',2,b'1');

#
# Structure for table "bai_auth_rule"
#

DROP TABLE IF EXISTS `bai_auth_rule`;
CREATE TABLE `bai_auth_rule` (
  `name` varchar(64) NOT NULL COMMENT '名称',
  `data` blob COMMENT '数据',
  `created_at` int(11) DEFAULT NULL COMMENT '添加时间',
  `updated_at` int(11) DEFAULT NULL COMMENT '更新时间',
  PRIMARY KEY (`name`)
) ENGINE=InnoDB DEFAULT CHARSET=utf8mb4;

#
# Data for table "bai_auth_rule"
#


#
# Structure for table "bai_auth_item"
#

DROP TABLE IF EXISTS `bai_auth_item`;
CREATE TABLE `bai_auth_item` (
  `name` varchar(64) NOT NULL COMMENT '名称',
  `type` smallint(6) NOT NULL COMMENT '类型',
  `description` text COMMENT '描述',
  `rule_name` varchar(64) DEFAULT NULL COMMENT '规则',
  `group_name` varchar(128) DEFAULT NULL COMMENT '组',
  `data` blob COMMENT '数据',
  `created_at` int(11) DEFAULT NULL COMMENT '添加时间',
  `updated_at` int(11) DEFAULT NULL COMMENT '更新时间',
  PRIMARY KEY (`name`),
  KEY `rule_name` (`rule_name`),
  KEY `idx-auth_item-type` (`type`),
  CONSTRAINT `bai_auth_item_ibfk_1` FOREIGN KEY (`rule_name`) REFERENCES `bai_auth_rule` (`name`) ON DELETE SET NULL ON UPDATE CASCADE
) ENGINE=InnoDB DEFAULT CHARSET=utf8mb4;

#
# Data for table "bai_auth_item"
#

INSERT INTO `bai_auth_item` VALUES ('/attachment/index',2,'attachment index',NULL,NULL,NULL,1546064492,1546064492),('/attachment/inline',2,'attachment inline',NULL,NULL,NULL,1546065930,1546065930),('/backend/ac-route/create',2,'backend ac route create',NULL,NULL,NULL,1551948064,1551948064),('/backend/ac-route/index',2,'backend ac route index',NULL,NULL,NULL,1551943952,1551943952),('/backend/ac-route/update',2,'backend ac route update',NULL,NULL,NULL,1551948092,1551948092),('/backend/ac-route/view',2,'backend ac route view',NULL,NULL,NULL,1552194380,1552194380),('/backend/app-module/create',2,'backend app module create',NULL,NULL,NULL,1551944054,1551944054),('/backend/app-module/index',2,'backend app module index',NULL,NULL,NULL,1551775301,1551775301),('/backend/app-module/update',2,'backend app module update',NULL,NULL,NULL,1552139966,1552139966),('/backend/app-module/view',2,'backend app module view',NULL,NULL,NULL,1551943924,1551943924),('/backend/asset/create',2,'backend asset create',NULL,'develop-manage',NULL,1554780934,1554780934),('/backend/asset/index',2,'backend asset index',NULL,'develop-manage',NULL,1554780890,1554780890),('/backend/asset/update',2,'backend asset update',NULL,'develop-manage',NULL,1554783982,1554783982),('/backend/asset/view',2,'backend asset view',NULL,'develop-manage',NULL,1554972687,1554972687),('/backend/attachment/ueditor-upload',2,'backend attachment ueditor upload',NULL,NULL,NULL,1556793701,1556793701),('/backend/auth-permission/create',2,'backend auth permission create',NULL,'permission-manage',NULL,1551947560,1551947560),('/backend/auth-permission/index',2,'backend auth permission index',NULL,'permission-manage',NULL,1551946342,1551946342),('/backend/auth-permission/update',2,'backend auth permission update',NULL,'permission-manage',NULL,1552141310,1552141310),('/backend/auth-permission/view',2,'backend auth permission view',NULL,'permission-manage',NULL,1551947498,1551947498),('/backend/auth-role/create',2,'backend auth role create',NULL,'permission-manage',NULL,1551944880,1551944880),('/backend/auth-role/index',2,'backend auth role index',NULL,'permission-manage',NULL,1551944805,1551944805),('/backend/auth-role/permission',2,'backend auth role permission',NULL,'permission-manage',NULL,1551945110,1551945110),('/backend/auth-role/update',2,'backend auth role update',NULL,'permission-manage',NULL,1552123895,1552123895),('/backend/auth-role/view',2,'backend auth role view',NULL,'permission-manage',NULL,1552221201,1552221201),('/backend/auth-rule/create',2,'backend auth rule create',NULL,NULL,NULL,1552140504,1552140504),('/backend/auth-rule/index',2,'backend auth rule index',NULL,NULL,NULL,1551947650,1551947650),('/backend/auth-rule/update',2,'backend auth rule update',NULL,NULL,NULL,1551947822,1551947822),('/backend/auth-rule/view',2,'backend auth rule view',NULL,NULL,NULL,1551947818,1551947818),('/backend/cron/index',2,'backend cron index',NULL,NULL,NULL,1553173493,1553173493),('/backend/cron/switch-service',2,'backend cron switch service',NULL,NULL,NULL,1555483955,1555483955),('/backend/cron/update',2,'backend cron update',NULL,NULL,NULL,1553407382,1553407382),('/backend/crons/create',2,'backend crons create',NULL,NULL,NULL,1553173572,1553173572),('/backend/crons/index',2,'backend crons index',NULL,NULL,NULL,1553173566,1553173566),('/backend/crons/run',2,'backend crons run',NULL,NULL,NULL,1553222312,1553222312),('/backend/crons/update',2,'backend crons update',NULL,NULL,NULL,1553226561,1553226561),('/backend/data-cache/create',2,'backend data cache create',NULL,NULL,NULL,1554989063,1554989063),('/backend/data-cache/index',2,'backend data cache index',NULL,NULL,NULL,1554988897,1554988897),('/backend/data-cache/update',2,'backend data cache update',NULL,NULL,NULL,1555038040,1555038040),('/backend/db-manager/backup',2,'backend db manager backup',NULL,NULL,NULL,1556601165,1556601165),('/backend/db-manager/index',2,'backend db manager index',NULL,NULL,NULL,1556594389,1556594389),('/backend/default/index',2,'backend default index',NULL,NULL,NULL,1551772564,1551772564),('/backend/diy-field-type/create',2,'backend diy field type create',NULL,NULL,NULL,1556162479,1556162479),('/backend/diy-field-type/index',2,'backend diy field type index',NULL,NULL,NULL,1556162473,1556162473),('/backend/event-handler/create',2,'backend event handler create',NULL,'develop-manage',NULL,1555055410,1555055410),('/backend/event-handler/delete',2,'backend event handler delete',NULL,'develop-manage',NULL,1555056259,1555056259),('/backend/event-handler/index',2,'backend event handler index',NULL,'develop-manage',NULL,1555055273,1555055273),('/backend/event-handler/update',2,'backend event handler update',NULL,'develop-manage',NULL,1555056957,1555056957),('/backend/event/create',2,'backend event create',NULL,'develop-manage',NULL,1555054491,1555054491),('/backend/event/delete',2,'backend event delete',NULL,'develop-manage',NULL,1555054624,1555054624),('/backend/event/index',2,'backend event index',NULL,'develop-manage',NULL,1555054377,1555054377),('/backend/event/update',2,'backend event update',NULL,'develop-manage',NULL,1555070482,1555070482),('/backend/event/view',2,'backend event view',NULL,'develop-manage',NULL,1555070479,1555070479),('/backend/member/create',2,'backend member create',NULL,NULL,NULL,1551949002,1551949002),('/backend/member/index',2,'backend member index',NULL,NULL,NULL,1551948748,1551948748),('/backend/member/update',2,'backend member update',NULL,NULL,NULL,1551954793,1551954793),('/backend/member/view',2,'backend member view',NULL,NULL,NULL,1551957311,1551957311),('/backend/menu/create',2,'backend menu create',NULL,NULL,NULL,1551850105,1551850105),('/backend/menu/delete',2,'backend menu delete',NULL,NULL,NULL,1555044228,1555044228),('/backend/menu/index',2,'backend menu index',NULL,NULL,NULL,1551848537,1551848537),('/backend/menu/update',2,'backend menu update',NULL,NULL,NULL,1551849604,1551849604),('/backend/menu/view',2,'backend menu view',NULL,NULL,NULL,1551849409,1551849409),('/backend/page/create',2,'backend page create',NULL,NULL,NULL,1554864284,1554864284),('/backend/page/index',2,'backend page index',NULL,NULL,NULL,1554864227,1554864227),('/backend/page/update',2,'backend page update',NULL,NULL,NULL,1554865201,1554865201),('/backend/rewrite/create',2,'backend rewrite create',NULL,'develop-manage',NULL,1554270425,1554270425),('/backend/rewrite/index',2,'backend rewrite index',NULL,'develop-manage',NULL,1554268599,1554268599),('/backend/rewrite/update',2,'backend rewrite update',NULL,'develop-manage',NULL,1554292558,1554292558),('/backend/setting/create',2,'backend setting create',NULL,'system-manage',NULL,1551949432,1551949432),('/backend/setting/index',2,'backend setting index',NULL,'system-manage',NULL,1551948164,1551948164),('/backend/setting/update',2,'backend setting update',NULL,'system-manage',NULL,1551949515,1551949515),('/backend/setting/view',2,'backend setting view',NULL,'system-manage',NULL,1551953442,1551953442),('/backend/user-ext-property/create',2,'backend user ext property create',NULL,NULL,NULL,1554441434,1554441434),('/backend/user-ext-property/index',2,'backend user ext property index',NULL,NULL,NULL,1554441360,1554441360),('/backend/user/create',2,'backend user create',NULL,NULL,NULL,1552094662,1552094662),('/backend/user/index',2,'backend user index',NULL,NULL,NULL,1552050699,1552050699),('/backend/user/update',2,'backend user update',NULL,NULL,NULL,1552094927,1552094927),('/backend/user/view',2,'backend user view',NULL,NULL,NULL,1552094932,1552094932),('/cms/album/batch-upload',2,'cms album batch upload',NULL,NULL,NULL,1553662683,1553662683),('/cms/album/delete',2,'cms album delete',NULL,NULL,NULL,1553664624,1553664624),('/cms/album/update',2,'cms album update',NULL,NULL,NULL,1553589658,1553589658),('/cms/album/view',2,'cms album view',NULL,NULL,NULL,1553664671,1553664671),('/cms/article/create',2,'cms article create',NULL,NULL,NULL,1553489551,1553489551),('/cms/article/index',2,'cms article index',NULL,NULL,NULL,1553489377,1553489377),('/cms/article/update',2,'cms article update',NULL,NULL,NULL,1553578551,1553578551),('/cms/article/view',2,'cms article view',NULL,NULL,NULL,1553578104,1553578104),('/cms/category/create',2,'cms category create',NULL,NULL,NULL,1553485973,1553485973),('/cms/category/index',2,'cms category index',NULL,NULL,NULL,1553485956,1553485956),('/cms/category/update',2,'cms category update',NULL,NULL,NULL,1553496111,1553496111),('/cms/category/view',2,'cms category view',NULL,NULL,NULL,1553496153,1553496153),('/cms/setting/create',2,'cms setting create',NULL,NULL,NULL,1553581844,1553581844),('/cms/setting/index',2,'cms setting index',NULL,NULL,NULL,1553581841,1553581841),('/cms/setting/update',2,'cms setting update',NULL,NULL,NULL,1553670810,1553670810),('/form/diy-field-type/create',2,'form diy field type create',NULL,NULL,NULL,1556269543,1556269543),('/form/diy-field-type/delete',2,'form diy field type delete',NULL,NULL,NULL,1556421643,1556421643),('/form/diy-field-type/index',2,'form diy field type index',NULL,NULL,NULL,1556269539,1556269539),('/form/diy-field-type/update',2,'form diy field type update',NULL,NULL,NULL,1556270260,1556270260),('/form/diy-field-type/view',2,'form diy field type view',NULL,NULL,NULL,1556421805,1556421805),('/form/diy-form-field-rule/create',2,'form diy form field rule create',NULL,NULL,NULL,1556439015,1556439015),('/form/diy-form-field-rule/index',2,'form diy form field rule index',NULL,NULL,NULL,1556438770,1556438770),('/form/diy-form-field/create',2,'form diy form field create',NULL,NULL,NULL,1556437649,1556437649),('/form/diy-form-field/index',2,'form diy form field index',NULL,NULL,NULL,1556437380,1556437380),('/form/diy-form-validator/create',2,'form diy form validator create',NULL,NULL,NULL,1556439123,1556439123),('/form/diy-form-validator/index',2,'form diy form validator index',NULL,NULL,NULL,1556438613,1556438613),('/form/diy-form/create',2,'form diy form create',NULL,NULL,NULL,1556269525,1556269525),('/form/diy-form/index',2,'form diy form index',NULL,NULL,NULL,1556269452,1556269452),('/form/diy-form/update',2,'form diy form update',NULL,NULL,NULL,1556436353,1556436353),('/form/diy-form/view',2,'form diy form view',NULL,NULL,NULL,1556435501,1556435501),('/menu/create',2,'menu create',NULL,NULL,NULL,1546397389,1546397389),('/menu/index',2,'menu index',NULL,NULL,NULL,1546397387,1546397387),('/menu/update',2,'menu update',NULL,NULL,NULL,1546397706,1546397706),('/school/console/index',2,'校园管理首页',NULL,'school-manage',NULL,1558438213,1558438213),('/school/student/index',2,'学生管理',NULL,'school-manage',NULL,1558004613,1558004613),('/setting/create',2,'setting create',NULL,NULL,NULL,1546238102,1546238102),('/setting/index',2,'setting index',NULL,NULL,NULL,1546238093,1546238093),('/setting/update',2,'setting update',NULL,NULL,NULL,1546405362,1546405362),('/taobaoke/category/create',2,'taobaoke category create',NULL,NULL,NULL,1556711973,1556711973),('/taobaoke/category/index',2,'taobaoke category index',NULL,NULL,NULL,1555393792,1555393792),('/taobaoke/category/update',2,'taobaoke category update',NULL,NULL,NULL,1556712854,1556712854),('/taobaoke/category/view',2,'taobaoke category view',NULL,NULL,NULL,1555404259,1555404259),('/taobaoke/data-category/index',2,'taobaoke data category index',NULL,NULL,NULL,1555393819,1555393819),('/taobaoke/material/index',2,'taobaoke material index',NULL,NULL,NULL,1556347584,1556347584),('/taobaoke/nav-banner-item/index',2,'taobaoke nav banner item index',NULL,NULL,NULL,1556369683,1556369683),('/taobaoke/nav-banner-item/update',2,'taobaoke nav banner item update',NULL,NULL,NULL,1556370740,1556370740),('/taobaoke/nav-banner/index',2,'taobaoke nav banner index',NULL,NULL,NULL,1556369622,1556369622),('/taobaoke/nav-banner/view',2,'taobaoke nav banner view',NULL,NULL,NULL,1556369680,1556369680),('/taobaoke/nav/index',2,'taobaoke nav index',NULL,NULL,NULL,1556369468,1556369468),('/taobaoke/online/coupons',2,'taobaoke online coupons',NULL,NULL,NULL,1556715234,1556715234),('/taobaoke/online/favorite-items',2,'taobaoke online favorite items',NULL,NULL,NULL,1555403077,1555403077),('/taobaoke/online/favorites',2,'taobaoke online favorites',NULL,NULL,NULL,1555402952,1555402952),('/taobaoke/online/items',2,'taobaoke online items',NULL,NULL,NULL,1556713022,1556713022),('/taobaoke/online/optimus-material',2,'taobaoke online optimus material',NULL,NULL,NULL,1556347613,1556347613),('/taobaoke/online/optional-material',2,'taobaoke online optional material',NULL,NULL,NULL,1555404137,1555404137),('/taobaoke/setting/create',2,'taobaoke setting create',NULL,NULL,NULL,1554112565,1554112565),('/taobaoke/setting/index',2,'taobaoke setting index',NULL,NULL,NULL,1554112171,1554112171),('/taobaoke/setting/update',2,'taobaoke setting update',NULL,NULL,NULL,1556368538,1556368538),('/travel/category/create',2,'travel category create',NULL,NULL,NULL,1553677729,1553677729),('/travel/category/index',2,'travel category index',NULL,NULL,NULL,1553677668,1553677668),('/travel/category/update',2,'travel category update',NULL,NULL,NULL,1553679528,1553679528),('/travel/category/view',2,'travel category view',NULL,NULL,NULL,1553680232,1553680232),('/travel/client/create',2,'travel client create',NULL,NULL,NULL,1554715365,1554715365),('/travel/client/index',2,'travel client index',NULL,NULL,NULL,1554714543,1554714543),('/travel/client/view',2,'travel client view',NULL,NULL,NULL,1554715822,1554715822),('/travel/consultant/create',2,'travel consultant create',NULL,NULL,NULL,1554693655,1554693655),('/travel/consultant/index',2,'travel consultant index',NULL,NULL,NULL,1554693163,1554693163),('/travel/consultant/update',2,'travel consultant update',NULL,NULL,NULL,1554697149,1554697149),('/travel/custom-product/create',2,'travel custom product create',NULL,NULL,NULL,1553736418,1553736418),('/travel/custom-product/custom',2,'travel custom product custom',NULL,NULL,NULL,1553737079,1553737079),('/travel/custom-product/delete',2,'travel custom product delete',NULL,NULL,NULL,1553739619,1553739619),('/travel/custom-product/index',2,'travel custom product index',NULL,NULL,NULL,1553735997,1553735997),('/travel/customization/create',2,'travel customization create',NULL,NULL,NULL,1553735378,1553735378),('/travel/customization/index',2,'travel customization index',NULL,NULL,NULL,1553735125,1553735125),('/travel/customization/relation',2,'travel customization relation',NULL,NULL,NULL,1554795112,1554795112),('/travel/customization/update',2,'travel customization update',NULL,NULL,NULL,1553735994,1553735994),('/travel/customization/view',2,'travel customization view',NULL,NULL,NULL,1553735587,1553735587),('/travel/product/create',2,'travel product create',NULL,NULL,NULL,1553692407,1553692407),('/travel/product/index',2,'travel product index',NULL,NULL,NULL,1553692309,1553692309),('/travel/product/update',2,'travel product update',NULL,NULL,NULL,1553694654,1553694654),('/travel/product/view',2,'travel product view',NULL,NULL,NULL,1553694647,1553694647),('/travel/require-work/create',2,'travel require work create',NULL,NULL,NULL,1554556567,1554556567),('/travel/require-work/index',2,'travel require work index',NULL,NULL,NULL,1554561339,1554561339),('/travel/require/all',2,'travel require all',NULL,NULL,NULL,1554551910,1554551910),('/travel/require/delete',2,'travel require delete',NULL,NULL,NULL,1554562122,1554562122),('/travel/require/index',2,'travel require index',NULL,NULL,NULL,1554452726,1554452726),('/travel/require/pick-up',2,'travel require pick up',NULL,NULL,NULL,1554556525,1554556525),('/travel/require/set-free',2,'travel require set free',NULL,NULL,NULL,1554557168,1554557168),('/travel/require/unprocessed',2,'travel require unprocessed',NULL,NULL,NULL,1554551556,1554551556),('/travel/require/update',2,'travel require update',NULL,NULL,NULL,1554542311,1554542311),('/travel/require/view',2,'travel require view',NULL,NULL,NULL,1554543232,1554543232),('/travel/route/create',2,'travel route create',NULL,NULL,NULL,1553695383,1553695383),('/travel/route/index',2,'travel route index',NULL,NULL,NULL,1553695099,1553695099),('/travel/route/update',2,'travel route update',NULL,NULL,NULL,1553695743,1553695743),('/travel/route/view',2,'travel route view',NULL,NULL,NULL,1553695740,1553695740),('/travel/setting/create',2,'travel setting create',NULL,NULL,NULL,1554111163,1554111163),('/travel/setting/index',2,'travel setting index',NULL,NULL,NULL,1554111130,1554111130),('/travel/setting/update',2,'travel setting update',NULL,NULL,NULL,1554111351,1554111351),('/user/index',2,'user index',NULL,NULL,NULL,1545475465,1545475465),('一般管理员',1,'后台用户统称',NULL,'backend',NULL,1556860274,1556860274),('学校管理员',1,'每个学校一个管理员账号，有学校本部人负责',NULL,'frontend',NULL,1558003509,1558004006);

#
# Structure for table "bai_auth_item_child"
#

DROP TABLE IF EXISTS `bai_auth_item_child`;
CREATE TABLE `bai_auth_item_child` (
  `parent` varchar(64) NOT NULL COMMENT '父',
  `child` varchar(64) NOT NULL COMMENT '子',
  PRIMARY KEY (`parent`,`child`),
  KEY `child` (`child`),
  CONSTRAINT `bai_auth_item_child_ibfk_1` FOREIGN KEY (`parent`) REFERENCES `bai_auth_item` (`name`) ON DELETE CASCADE ON UPDATE CASCADE,
  CONSTRAINT `bai_auth_item_child_ibfk_2` FOREIGN KEY (`child`) REFERENCES `bai_auth_item` (`name`) ON DELETE CASCADE ON UPDATE CASCADE
) ENGINE=InnoDB DEFAULT CHARSET=utf8mb4;

#
# Data for table "bai_auth_item_child"
#

INSERT INTO `bai_auth_item_child` VALUES ('一般管理员','/backend/asset/create'),('一般管理员','/backend/asset/index'),('一般管理员','/backend/asset/update'),('学校管理员','/school/console/index'),('学校管理员','/school/student/index');

#
# Structure for table "bai_auth_assignment"
#

DROP TABLE IF EXISTS `bai_auth_assignment`;
CREATE TABLE `bai_auth_assignment` (
  `item_name` varchar(64) NOT NULL COMMENT '权限',
  `user_id` varchar(64) NOT NULL COMMENT '用户',
  `created_at` int(11) DEFAULT NULL COMMENT '授权时间',
  PRIMARY KEY (`item_name`,`user_id`),
  KEY `auth_assignment_user_id_idx` (`user_id`),
  CONSTRAINT `bai_auth_assignment_ibfk_1` FOREIGN KEY (`item_name`) REFERENCES `bai_auth_item` (`name`) ON DELETE CASCADE ON UPDATE CASCADE
) ENGINE=InnoDB DEFAULT CHARSET=utf8mb4;

#
# Data for table "bai_auth_assignment"
#

INSERT INTO `bai_auth_assignment` VALUES ('一般管理员','10',1558502259),('一般管理员','2',1557198165),('一般管理员','5',1557235429),('一般管理员','9',1558502276),('学校管理员','11',1558442478),('学校管理员','12',1558440228);

#
# Structure for table "bai_cron"
#

DROP TABLE IF EXISTS `bai_cron`;
CREATE TABLE `bai_cron` (
  `id` int(11) NOT NULL AUTO_INCREMENT,
  `task` varchar(64) NOT NULL DEFAULT '' COMMENT '任务',
  `mhdmd` varchar(128) NOT NULL COMMENT '定时',
  `job_script` varchar(255) NOT NULL DEFAULT '' COMMENT '脚本',
  `param` varchar(255) DEFAULT NULL COMMENT '参数',
  `intro` varchar(255) DEFAULT '' COMMENT '介绍',
  `token` varchar(32) DEFAULT NULL COMMENT '安全key',
  `error_msg` varchar(255) DEFAULT NULL COMMENT '错误信息',
  `is_ok` bit(1) DEFAULT b'1' COMMENT '正常',
  `is_active` bit(1) DEFAULT b'1' COMMENT '激活',
  `run_at` int(11) DEFAULT NULL COMMENT '执行时刻',
  `created_at` int(11) DEFAULT NULL COMMENT '添加时间',
  `updated_at` int(11) DEFAULT NULL COMMENT '更新时间',
  PRIMARY KEY (`id`)
) ENGINE=InnoDB AUTO_INCREMENT=2 DEFAULT CHARSET=utf8mb4 COMMENT='定时任务';

#
# Data for table "bai_cron"
#

INSERT INTO `bai_cron` VALUES (1,'测试','*/1 * * * *','/taobaoke/task-cache-material-coupon','','测试','Db4ZU_CbfuTpnXRyKm0jkmEIWsQozWDi','MSG => Remote service error[无结果] , RequestId => zmuyiefa71mm, URL => http://gw.api.taobao.com/router/rest?app_key=25828034&format=json&method=taobao.tbk.item.info.get&num_iids=584379934793%2C567184780700%2C587480446914%2C587345461295%2C582596820656%2C5844',b'0',b'0',1553407381,1553226547,1568791962);

#
# Structure for table "bai_data_cache"
#

DROP TABLE IF EXISTS `bai_data_cache`;
CREATE TABLE `bai_data_cache` (
  `id` int(11) NOT NULL AUTO_INCREMENT,
  `cache_key` varchar(128) NOT NULL COMMENT '缓存key',
  `name` varchar(128) NOT NULL COMMENT '名称',
  `cache_handler` varchar(128) NOT NULL COMMENT '缓存处理器',
  `expired` int(11) DEFAULT '0' COMMENT '过期时间',
  `intro` varchar(255) DEFAULT NULL COMMENT '介绍',
  PRIMARY KEY (`id`),
  UNIQUE KEY `cache_key` (`cache_key`)
) ENGINE=InnoDB AUTO_INCREMENT=2 DEFAULT CHARSET=utf8mb4 COMMENT='系统数据缓存配置';

#
# Data for table "bai_data_cache"
#

INSERT INTO `bai_data_cache` VALUES (1,'setting.vars','系统参数','app\\kit\\cache\\SysSettingCacheHanlder',0,'系统参数，用不过期，以name为健的关联数组');

#
# Structure for table "bai_event"
#

DROP TABLE IF EXISTS `bai_event`;
CREATE TABLE `bai_event` (
  `id` int(11) NOT NULL AUTO_INCREMENT,
  `name` varchar(64) NOT NULL COMMENT '名称',
  `event` varchar(64) NOT NULL COMMENT '事件',
  `level` varchar(64) NOT NULL COMMENT '范围',
  `intro` varchar(255) NOT NULL COMMENT '说明',
  `is_backend` bit(1) DEFAULT b'0' COMMENT '后端',
  PRIMARY KEY (`id`)
) ENGINE=InnoDB AUTO_INCREMENT=6 DEFAULT CHARSET=utf8mb4 COMMENT='系统事件';

#
# Data for table "bai_event"
#

INSERT INTO `bai_event` VALUES (2,'Layout页面结尾','endPage','View','dddd',b'0'),(3,'视图渲染后','afterRender','View','',b'0'),(4,'查找slug','findSlugContent','FrontendController','动态注册可以根据slug查找的内容',b'0'),(5,'获取系统资源文件','beforeGetBundle','AssetManager','优化资源文件的地址',b'1');

#
# Structure for table "bai_event_handler"
#

DROP TABLE IF EXISTS `bai_event_handler`;
CREATE TABLE `bai_event_handler` (
  `id` int(11) NOT NULL AUTO_INCREMENT,
  `event_id` int(11) NOT NULL DEFAULT '0' COMMENT '事件',
  `name` varchar(64) NOT NULL COMMENT '名称',
  `is_active` bit(1) NOT NULL DEFAULT b'0' COMMENT '激活',
  `handler` varchar(128) NOT NULL COMMENT '处理器',
  `sort` smallint(6) NOT NULL DEFAULT '0' COMMENT '处理顺序',
  `intro` varchar(255) DEFAULT NULL COMMENT '说明',
  PRIMARY KEY (`id`)
) ENGINE=InnoDB AUTO_INCREMENT=5 DEFAULT CHARSET=utf8mb4 COMMENT='系统事件处理器';

#
# Data for table "bai_event_handler"
#

INSERT INTO `bai_event_handler` VALUES (1,2,'微信JS分享组件',b'0','app\\addons\\wechat\\eventhandlers\\WechatJsShareHandler',1,'当页面在微信分享的时候图片文显示'),(2,2,'设置网站统计代码',b'1','app\\kit\\eventhandlers\\SiteStatisticCodeHandler',1,'在页面的头部加载统计代码'),(3,4,'根据slug输出单页模型的内容',b'1','\\app\\addons\\page\\eventhandlers\\ShowPageHandler',1,'通过slug输出单页的内容'),(4,5,'替换资源文件的baseurl',b'1','app\\addons\\asset\\eventhandlers\\ChangeCDNAssetHandler',1,'更新为fm-cms的资源地址');

#
# Structure for table "bai_flash"
#

DROP TABLE IF EXISTS `bai_flash`;
CREATE TABLE `bai_flash` (
  `id` int(11) NOT NULL AUTO_INCREMENT,
  `name` varchar(64) NOT NULL COMMENT '名称',
  `content` text NOT NULL COMMENT '内容',
  `created_at` int(11) DEFAULT NULL COMMENT '添加时间',
  `updated_at` int(11) DEFAULT NULL COMMENT '更新时间',
  `sort` int(11) NOT NULL DEFAULT '0' COMMENT '排序',
  PRIMARY KEY (`id`)
) ENGINE=InnoDB AUTO_INCREMENT=3 DEFAULT CHARSET=utf8mb4 COMMENT='幻灯片';

#
# Data for table "bai_flash"
#

INSERT INTO `bai_flash` VALUES (1,'网站默认','\t\t<div class=\"swiper-slide\">\r\n\t\t\t<div class=\"jumbotron\" style=\"background-color: white\">\r\n\t\t\t\t<h1>\r\n\t\t\t\t\t白猿<small style=\"vertical-align: top;\">&reg;</small>软件\r\n\t\t\t\t</h1>\r\n\t\t\t\t<p class=\"text-success ani\" swiper-animate-effect=\"fadeInUp\" swiper-animate-duration=\"0.5s\"\r\n\t\t\t\t\tswiper-animate-delay=\"0.8s\">\r\n\t\t\t\t\t<strong>为高端白领而生</strong>\r\n\t\t\t\t</p>\r\n\t\t\t\t<p class=\"ani\" swiper-animate-effect=\"fadeInUp\" swiper-animate-duration=\"0.5s\" swiper-animate-delay=\"1.3s\">让利润更高效</p>\r\n\t\t\t\t<p class=\"ani\" swiper-animate-effect=\"fadeInUp\" swiper-animate-duration=\"0.5s\" swiper-animate-delay=\"1.8s\">让工作更酷，跟轻松</p>\r\n\t\t\t</div>\r\n\t\t</div>',1546241614,1546241917,1),(2,'白猿复制推广','\t\t<div class=\"swiper-slide  bg-info\">\r\n\t\t\t<div class=\"jumbotron\">\r\n\t\t\t\t<h1 style=\"color: white\">\r\n\t\t\t\t\t白猿复制<small style=\"vertical-align: top; color: white\">&reg;</small>\r\n\t\t\t\t</h1>\r\n\t\t\t\t<p style=\"color: white\" class=\"ani\" swiper-animate-effect=\"fadeInUp\" swiper-animate-duration=\"0.5s\"\r\n\t\t\t\t\tswiper-animate-delay=\"1.3s\">白领和自媒体网红都在用的爆款神器</p>\r\n\t\t\t\t<p class=\"ani\" swiper-animate-effect=\"fadeInUp\" swiper-animate-duration=\"0.5s\" swiper-animate-delay=\"1.8s\">\r\n\t\t\t\t\t<a href=\"?r=soft/free-try&id=1\" style=\"color: white\">现在可以免费试用30天</a>\r\n\t\t\t\t</p>\r\n\t\t\t\t<a class=\"btn btn-warning ani\" swiper-animate-effect=\"fadeInUp\" swiper-animate-duration=\"0.5s\"\r\n\t\t\t\t\tswiper-animate-delay=\"0.8s\" href=\'?r=soft&id=1\'>更多了解</a>\r\n\t\t\t</div>\r\n\t\t</div>',1546241688,1546241903,9);

#
# Structure for table "bai_mail_queue"
#

DROP TABLE IF EXISTS `bai_mail_queue`;
CREATE TABLE `bai_mail_queue` (
  `id` int(11) NOT NULL AUTO_INCREMENT,
  `status` enum('TODO','ERROR','SUCCESS') DEFAULT 'TODO' COMMENT '状态',
  `sender` varchar(64) NOT NULL COMMENT '发送者',
  `subject` varchar(255) NOT NULL COMMENT '标题',
  `recipient` text NOT NULL COMMENT '接收者',
  `content` text NOT NULL COMMENT '内容',
  `time_to_send` datetime DEFAULT NULL COMMENT '定时',
  `try_send` tinyint(4) DEFAULT '1' COMMENT '重试次数',
  `del_after_send` bit(1) DEFAULT b'0' COMMENT '发送后删除',
  `sent_at` int(11) DEFAULT NULL COMMENT '发送时间',
  `created_at` int(11) DEFAULT NULL COMMENT '添加时间',
  PRIMARY KEY (`id`)
) ENGINE=InnoDB DEFAULT CHARSET=utf8mb4 COMMENT='邮件队列';

#
# Data for table "bai_mail_queue"
#


#
# Structure for table "bai_menu"
#

DROP TABLE IF EXISTS `bai_menu`;
CREATE TABLE `bai_menu` (
  `id` int(11) NOT NULL AUTO_INCREMENT,
  `name` varchar(64) NOT NULL COMMENT '名称',
  `url` varchar(128) DEFAULT '#' COMMENT '链接',
  `is_front` bit(1) NOT NULL DEFAULT b'1' COMMENT '是否前端',
  `require_login` bit(1) DEFAULT b'1' COMMENT '需要登录',
  `pid` int(11) DEFAULT '0' COMMENT '父节点',
  `icon` varchar(64) DEFAULT '0' COMMENT '图标',
  `sort` int(11) DEFAULT '1' COMMENT '排序',
  PRIMARY KEY (`id`)
) ENGINE=InnoDB AUTO_INCREMENT=22 DEFAULT CHARSET=utf8mb4 COMMENT='菜单';

#
# Data for table "bai_menu"
#

INSERT INTO `bai_menu` VALUES (4,'看板','?r=backend/default/index',b'0',b'1',0,'fa fa-dashboard',1),(5,'导航','?r=backend/menu/index',b'0',b'1',6,'fa fa-bars',2),(6,'系统','#',b'0',b'1',0,'fa  fa-desktop',1000),(7,'设置','?r=backend/setting/index',b'0',b'1',6,'fa fa-cog',1),(8,'管理员权限组','?r=backend/auth-admin-group/index',b'0',b'1',9,'fa fa-puzzle-piece',2),(9,'访问控制','#',b'0',b'1',0,'fa fa-user-secret',900),(10,'角色','?r=backend/auth-role/index',b'0',b'1',9,'fa fa-tag',3),(11,'管理员','?r=backend/admin/index',b'0',b'1',9,'fa fa-user',1),(13,'权限','?r=backend/auth-permission/index',b'0',b'1',9,'fa fa-lock',4),(14,'验证规则','?r=backend/auth-rule/index',b'0',b'1',9,'fa fa-key',5),(16,'代码资源','?r=/asset/manage',b'0',b'1',6,'fa fa-cogs',3),(17,'系统事件','?r=backend/event',b'0',b'1',6,'fa fa-bell-o',4),(18,'记账','?r=finance/default/index',b'1',b'1',0,'fa fa-cny',1),(19,'订单','?r=/finance/order/index',b'1',b'1',0,'fa fa-list-alt',2),(20,'服务','?r=/finance/service',b'1',b'0',0,'fa fa-cutlery',3),(21,'资讯','?r=/cms/default/index',b'1',b'0',0,'fa fa-newspaper-o',0);

#
# Structure for table "bai_page"
#

DROP TABLE IF EXISTS `bai_page`;
CREATE TABLE `bai_page` (
  `id` int(11) NOT NULL AUTO_INCREMENT,
  `slug` varchar(128) NOT NULL COMMENT 'Slug',
  `pid` int(11) DEFAULT '0' COMMENT '父页',
  `title` varchar(128) DEFAULT NULL COMMENT '标题',
  `content` text COMMENT '内容',
  `sort` smallint(6) DEFAULT NULL COMMENT '排序',
  PRIMARY KEY (`id`),
  UNIQUE KEY `slug` (`slug`)
) ENGINE=InnoDB AUTO_INCREMENT=2 DEFAULT CHARSET=utf8mb4 COMMENT='单页';

#
# Data for table "bai_page"
#

INSERT INTO `bai_page` VALUES (1,'about-us',0,'关于我们','<p>【杭州泛美航空国际旅行社】成立于2001年，隶属于腾邦国际（股票代码：300178），目前拥有各类专业人才100余人，公司位于杭州萧山区——博地世纪中心，杭州沿江发展中心位置。</p><p></p><p><br/>泛美航空国旅是一家集国内、国际机票服务，国内、出境旅游服务为一身的综合旅行供应商，2016年销售额已突破6亿元。公司拥有数百家优质企业客户，包括阿里巴巴集团、浙江大学、绿城集团、传化物流、江南布衣等世界500强企业及知名上市公司。<br/><br/>机票板块，作为一类销售代理商，公司为中国境内所有航空公司及境外100余家国际航空公司提供国内、国际机票销售代理，并在杭州各航空公司团体机票产品销售领域中拥有优势地位，多次因出色的销售和服务能力受到各家航空公司表彰及嘉奖。<br/><br/>旅游板块，作为专业服务企事业单位的组团旅行社，我司产品涵盖省内周边游、国内长线游、各条出境游线路，同时服务客户的各类会议、活动；自2001年以来，长期服务阿里巴巴集团（包括淘宝、天猫、阿里云、蚂蚁金服）、蘑菇街、丁香园等客户公司团队旅游。<br/><br/>在“让每个员工都能在泛美实现正确的人身价值”的公司文化理念下，泛美正在续写着最辉煌的篇章，诚邀您的加盟！<br/><br/>母公司--腾邦国际（股票代码：300178）是国家商务部首批&quot;商贸服务典型企业&quot;，国家科技部“现代服务业创新发展示范企业”，深圳市高新技术企业。腾邦国际通过遍布全球的营销和服务网络，为客户提供专业商业服务解决方案，业务涵盖机票酒店、会展旅游、差旅管理、金融服务四大板块。腾邦国际总部位于深圳福田互联网金融产业园区，目前在国内各主要城市共有分子公司四十余家，国外分子机构十余个，业务布局覆盖全球。</p><p><br/></p>',1);

#
# Structure for table "bai_portal"
#

DROP TABLE IF EXISTS `bai_portal`;
CREATE TABLE `bai_portal` (
  `id` int(11) NOT NULL AUTO_INCREMENT,
  `name` varchar(128) DEFAULT NULL COMMENT '名称',
  `code` varchar(128) DEFAULT NULL COMMENT '代码',
  `source` varchar(32) DEFAULT NULL COMMENT '来源',
  `is_static` bit(1) DEFAULT b'1' COMMENT '是统计',
  `unlimited` bit(1) DEFAULT b'1' COMMENT '无限制',
  PRIMARY KEY (`id`)
) ENGINE=InnoDB AUTO_INCREMENT=8 DEFAULT CHARSET=utf8mb4 COMMENT='后台portal';

#
# Data for table "bai_portal"
#

INSERT INTO `bai_portal` VALUES (1,'管理员数量','app\\backend\\portals\\AdminCounterPortal','系统内置',b'1',b'1'),(2,'系统信息','app\\backend\\portals\\SystemInfoPortal','系统内置',b'0',b'1'),(3,'日历','app\\backend\\portals\\Lunar','系统内置',b'0',b'1'),(4,'项目gitee日志','app\\backend\\portals\\GiteeProjectCommitsPortal','系统内置',b'0',b'1'),(7,'单页数量','app\\addons\\page\\portals\\PageCounterPortal','Page',b'1',b'1');

#
# Structure for table "bai_portal_place"
#

DROP TABLE IF EXISTS `bai_portal_place`;
CREATE TABLE `bai_portal_place` (
  `user_id` int(11) NOT NULL COMMENT '用户',
  `portals` text,
  PRIMARY KEY (`user_id`)
) ENGINE=InnoDB DEFAULT CHARSET=utf8mb4 COMMENT='portal排版';

#
# Data for table "bai_portal_place"
#


#
# Structure for table "bai_portal_privilege"
#

DROP TABLE IF EXISTS `bai_portal_privilege`;
CREATE TABLE `bai_portal_privilege` (
  `role` varchar(128) NOT NULL COMMENT '角色',
  `portals` text COMMENT 'portals',
  PRIMARY KEY (`role`)
) ENGINE=InnoDB DEFAULT CHARSET=utf8mb4 COMMENT='portal权限';

#
# Data for table "bai_portal_privilege"
#


#
# Structure for table "bai_rewrite"
#

DROP TABLE IF EXISTS `bai_rewrite`;
CREATE TABLE `bai_rewrite` (
  `id` int(11) NOT NULL AUTO_INCREMENT,
  `name` varchar(64) NOT NULL COMMENT '名称',
  `express` varchar(128) NOT NULL COMMENT '表达式',
  `route` varchar(128) NOT NULL COMMENT '路由',
  `weight` smallint(6) DEFAULT '0' COMMENT '权重',
  `category` varchar(32) DEFAULT 'site' COMMENT '归类',
  PRIMARY KEY (`id`),
  UNIQUE KEY `express` (`express`)
) ENGINE=InnoDB AUTO_INCREMENT=2 DEFAULT CHARSET=utf8mb4 COMMENT='前端url重写';

#
# Data for table "bai_rewrite"
#

INSERT INTO `bai_rewrite` VALUES (1,'旅行首页','home','travel/default/index',0,'site');

#
# Structure for table "bai_role"
#

DROP TABLE IF EXISTS `bai_role`;
CREATE TABLE `bai_role` (
  `id` int(11) NOT NULL AUTO_INCREMENT,
  `name` varchar(64) NOT NULL COMMENT '名称',
  `scope` enum('ADMIN','POSITION') NOT NULL DEFAULT 'ADMIN' COMMENT '范围',
  `description` varchar(255) NOT NULL COMMENT '说明',
  `is_sys` tinyint(1) DEFAULT '1' COMMENT '系统内置',
  PRIMARY KEY (`id`),
  UNIQUE KEY `name` (`name`)
) ENGINE=InnoDB AUTO_INCREMENT=2 DEFAULT CHARSET=utf8mb4 COMMENT='角色';

#
# Data for table "bai_role"
#

INSERT INTO `bai_role` VALUES (1,'销售员','ADMIN','负责系统的推广工作',1);

#
# Structure for table "bai_setting"
#

DROP TABLE IF EXISTS `bai_setting`;
CREATE TABLE `bai_setting` (
  `name` varchar(64) NOT NULL COMMENT '名称',
  `title` varchar(64) NOT NULL COMMENT '标题',
  `value` text COMMENT '值',
  `hint` varchar(255) DEFAULT NULL COMMENT '提示',
  `val_type` enum('STR','ARRY','ASSOC','JSON','HTML','P') DEFAULT NULL COMMENT '值类型',
  `category` varchar(64) DEFAULT NULL COMMENT '参数分类',
  PRIMARY KEY (`name`),
  UNIQUE KEY `name` (`name`)
) ENGINE=InnoDB DEFAULT CHARSET=utf8mb4 COMMENT='系统设置';

#
# Data for table "bai_setting"
#

INSERT INTO `bai_setting` VALUES ('aliyun.oss.access.key','阿里云OSS应用Key','','accessKey','STR','aliyun.oss'),('aliyun.oss.accsess.secret','阿里云OSS应用密钥','','accessSecret','STR','aliyun.oss'),('aliyun.oss.baseurl','阿里云OSS应用访问地址','','baseUrl','STR','aliyun.oss'),('aliyun.oss.endpoint','阿里云OSS应用上传地址','','endpoint','STR','aliyun.oss'),('cms.doc.types','文档类型','album:相册\r\narticle:文章','扩展不同的文章表体','ASSOC','cms'),('crontab.status','定时任务执行状态','0',NULL,'STR',NULL),('crontab.traced_at','定时任务执行时间','1555486224',NULL,'STR',NULL),('editor.default','默认编辑器','\\app\\addons\\ueditor\\widgets\\Ueditor','这里动态配置系统的编辑器','STR','editor'),('email.host','邮件服务器','smtp.aliyun.com','可以是域名或者是IP地址','','email'),('email.password','邮件密码','Dg8756191','','STR','email'),('email.port','邮件端口','25','','STR','email'),('email.useralias','邮件账号别名','泛美航空客服','','STR','email'),('email.username','邮件账号','dungang2018@aliyun.com','','STR','email'),('finance.order_status','订单状态','WAITING_PAY:待付款\r\nPAYED:已付款\r\nCANCELLED:已取消','','ASSOC','finance'),('finance.trade_types','交易流水类型','0:还款\r\n1:购物\r\n2:餐饮\r\n3:休闲\r\n4:娱乐\r\n5:交通\r\n6:批发\r\n9999:其他','对流水归类','ASSOC','finance'),('setting.category','参数分类','base:基本设置\r\nemail:邮件服务\r\nstorage:存储\r\nwechat:微信\r\neditor:编辑器\r\n','每行代表一个关联数组元素，key:val格式','ASSOC','base'),('site.company','网站公司','豆壳大大','','STR','base'),('site.company.phone','公司电话','0571-87257112','公司电话','STR','base'),('site.contact','网站联系人','gang.dun@ndabooking.com','','STR','base'),('site.description','网站描述','泛美航空提高机票，酒店等业务','','STR','base'),('site.index-page','网站首页',NULL,'设置网站的默认首页，参数值是路由的地址','STR','base'),('site.keywords','网站关键字','泛美航空','','STR','base'),('site.name','网站名称','豆壳大大','','STR','base'),('site.tongji','网站统计','var _hmt = _hmt || [];\r\n(function() {\r\n  var hm = document.createElement(\"script\");\r\n  hm.src = \"https://hm.baidu.com/hm.js?65768e37c031535b1ec543640db047b5\";\r\n  var s = document.getElementsByTagName(\"script\")[0]; \r\n  s.parentNode.insertBefore(hm, s);\r\n})();','百度统计','STR','base'),('storage.config','存储配置','','OSS的配置','ASSOC','storage'),('storage.driver','存储驱动','app\\kit\\storage\\LocalDriver','阿里云OSS存储','STR','storage'),('taobaoke.adzone_id','API全站推广ID','104302750154','推广位id，需要在淘宝联盟后台创建；且属于appkey备案的媒体id（siteid）','STR','taobaoke'),('taobaoke.app_key','API_APP_KEY','25828034','','STR','taobaoke'),('taobaoke.app_secret','API_APP_SECREt','f1004c2d6e71126f5770d10fae51fb7d','','STR','taobaoke'),('taobaoke.format','API格式','json','','STR','taobaoke'),('taobaoke.image_height','图片高','90','','STR','taobaoke'),('taobaoke.image_width','图片宽','90','','STR','taobaoke'),('taobaoke.material_biz','通用物料业务','haoquanzhibo:好券直播\r\ndaerquan:大额券\r\ngaoyongban:高佣榜\r\npinpaiquan:品牌券\r\njuhuasuanpintuan:聚划算拼团\r\nmuyinzhuti:母婴主题\r\nyouhaohuo:有好货\r\nchaoliufang:潮流范\r\ntehui:特惠','','ASSOC','taobaoke'),('taobaoke.site_id','淘客网站ID','376850435','','STR','taobaoke'),('taobaoke.url','API网关','http://gw.api.taobao.com/router/rest','测试地址：http://gw.api.tbsandbox.com/router/rest','STR','taobaoke'),('taobaoke.version','API版本','2.0','','STR','taobaoke'),('travel.baidu.tts','百度语音合成APP','app_id:16052326\r\nclient_id:qHyzUQLPmdyRNlN85DcDHP0i\r\nclient_secret:jrBvPTgU7SIHGYGcEz3ZLvmLH4kKbGgV','百度语音AI参数','ASSOC','travel'),('travel.baidu.tts.voice','百度语音播报声音设置','lan:zh\r\nspd:5\r\nper:4,\r\nctp:1','控制语音的音色和速度','ASSOC','travel'),('travel.cateory.pic','分类图片','360\r\n360\r\ninset','如果设置了原始图片被替换为缩略图。宽，高，模式(inset|outbound)。','ARRY','travel'),('travel.cateory.pic.thumbnails','分类图片缩略图','200,200,inset','每行都是一个缩略图,宽，高，模式（inset|outbound）','ARRY','travel'),('travel.description','模块的seo介绍','杭州泛美航空旅行社，全国最优秀的旅行服务供应商。','网站的seo description','STR','travel'),('travel.dingtalk.body','钉钉消息内容','> **人数:** {persons}\r\n> **联系人:** {contact}\r\n> **电话:** {mobile}\r\n> **钉钉:** {dingding}','','STR','travel'),('travel.dingtalk.hook','钉钉机器人','https://oapi.dingtalk.com/robot/send?access_token=53aded3bc5471775c8527c898e0734cfedf4822a4396b066a5b495f73009a3e8','','STR','travel'),('travel.dingtalk.title','钉钉消息标题','编号#{id},目的地 >>> {target_place} 😍😍😍','','STR','travel'),('travel.keywords','模块关键字','旅行，私人定制，高级旅行官推荐，杭州泛美航空旅行社','网站的默认关键字','STR','travel'),('travel.logo','旅行logo','https://fanmei-cms.oss-cn-shenzhen.aliyuncs.com/logo-lg.png','','STR','travel'),('travel.require.alert.interval','需求单提示时间间隔','300000','每5分钟提示一次,参数单位毫秒','STR','travel'),('travel.require.alert.template','需求单提示模板','{name}, 您在游你选上有{count}个需求单等待处理','{name}当前用户，{count}统计的数量','STR','travel'),('travel.require.status','接单处理状态','todo:待处理\r\ndoing:处理中\r\ndone:完成\r\ncancel:取消\r\npending:延后','操作状态','ASSOC','travel'),('travel.require.type','需求定制性质','COMPANY:公司定制\r\nPERSON:私人定制','','ASSOC','travel'),('travel.site.title','网站标题','杭州泛美航空国旅','','','travel'),('wechat.mp','公众号','app_id:wx8529d25114e83b6a\r\nsecret:7d7910dabce0025be3686c2b184ee433\r\ntoken:dungang\r\nEncodingAESKey:yWs47e1yBWWaQtoWpRM8UsZpQxW7wSkFzMTjUIJAmpO\r\nsafeMode:0','公众号配置','ASSOC','wechat'),('wechat.mp.img','分享默认图片','https://fanmei-cms.oss-cn-shenzhen.aliyuncs.com/logo.jpg','','STR','wechat');

#
# Structure for table "bai_user"
#

DROP TABLE IF EXISTS `bai_user`;
CREATE TABLE `bai_user` (
  `id` int(11) NOT NULL AUTO_INCREMENT,
  `username` varchar(32) NOT NULL COMMENT '用户名',
  `nick_name` varchar(32) DEFAULT NULL COMMENT '姓名',
  `avatar` varchar(128) DEFAULT NULL COMMENT '头像',
  `auth_key` varchar(32) NOT NULL,
  `password_hash` varchar(64) NOT NULL,
  `password_reset_token` varchar(64) DEFAULT NULL,
  `email` varchar(64) DEFAULT NULL COMMENT '邮箱',
  `mobile` varchar(32) DEFAULT NULL COMMENT '手机',
  `wechat` varchar(32) DEFAULT NULL COMMENT '微信',
  `tel` varchar(32) DEFAULT NULL COMMENT '固话',
  `qq` varchar(32) DEFAULT NULL COMMENT 'QQ',
  `dingding` varchar(32) DEFAULT NULL COMMENT '钉钉',
  `wangwang` varchar(32) DEFAULT NULL COMMENT '旺旺',
  `status` smallint(6) DEFAULT '10' COMMENT '状态',
  `is_admin` tinyint(1) DEFAULT '0' COMMENT '管理员',
  `is_super` tinyint(1) DEFAULT '0' COMMENT '超管',
  `created_at` int(11) NOT NULL COMMENT '添加时间',
  `updated_at` int(11) NOT NULL COMMENT '更新时间',
  `role` varchar(128) DEFAULT NULL COMMENT '角色',
  `is_del` tinyint(1) DEFAULT '0',
  PRIMARY KEY (`id`),
  UNIQUE KEY `username` (`username`),
  UNIQUE KEY `email` (`email`),
  UNIQUE KEY `password_reset_token` (`password_reset_token`)
) ENGINE=InnoDB AUTO_INCREMENT=17 DEFAULT CHARSET=utf8mb4 COMMENT='用户';

#
# Data for table "bai_user"
#

INSERT INTO `bai_user` VALUES (1,'admin','管理员','uploads/image/2019/05-20/image5ce29fe73b2050.90491246.jpg','dFIfQutSickXRaQXsZSCPB1LAJZ6FnbA','$2y$13$DUYqQLiNmS0fzF2W4arpM.iSAHmNiI1warsZXmolWOWUa/c.oSvRC',NULL,'dungang@126.com','15355498106','55666666','3434343','','12323235','',10,1,1,1543204772,1558355943,'销售员',0),(2,'dungang','顿刚','https://fanmei-cms.oss-cn-shenzhen.aliyuncs.com/uploads/avatar/2.png','BvR8Uq3Y3Bp0xemSXrhYSiLf6lfWOpeB','$2y$13$kf2qrBIVn7kxiKAS4RTtPeLiTfkOhl6EZxW1KDgBMmBat2.Ze9uZ6',NULL,'gang.dun@ndabooking.com','15355498106','','','','','',10,1,0,1554700571,1558494414,'一般管理员',0),(3,'jeck','jek',NULL,'','$2y$13$fJo3RVoDueMQn0dJk2GzlOIaCN6znHhh93YisPFk3eJbKm9jZ82Py',NULL,'jeck@amin.com','123456',NULL,NULL,NULL,NULL,NULL,10,1,0,1554963035,1557122359,'一般管理员',0),(5,'andy','andy',NULL,'','$2y$13$xdSsPrcY.gTdCmUaSToZruD9unRQHihFLAXMhZIStCsM5kzLrS/eW',NULL,'andy@nda.com','1234568886',NULL,NULL,NULL,NULL,NULL,10,1,0,1554963151,1557235429,'一般管理员',0),(9,'baidu','andy',NULL,'','',NULL,'ddy@nda.com','123456888',NULL,NULL,NULL,NULL,NULL,10,0,0,1554970156,1558502975,'一般管理员',0),(10,'baidueee','andy',NULL,'','',NULL,'eeee@nda.com','123456888',NULL,NULL,NULL,NULL,NULL,10,0,0,1554970251,1558502970,'一般管理员',0),(11,'jackliu','刘德华',NULL,'','$2y$13$GBuDMsywPgiz.6kyQBjO2eOQEJp/IAlxht4O9nwBQf.hIRr5BqZtW',NULL,'jeckliu@nda.com','15355498107',NULL,NULL,NULL,NULL,NULL,10,0,0,1558001734,1558502297,'学校管理员',0),(12,'andy.liu','张红霞',NULL,'','$2y$13$ToaNvwOpAly1DtsJVqOT9.7Ijft3ctGEZAlb7IvD681o5jN2qSrtK',NULL,'andy.liu@ndabooking.com','15355498109',NULL,NULL,NULL,NULL,NULL,10,1,0,1558002060,1558442468,'学校管理员',0),(15,'alipay_2088002271137771','alipay_2088002271137771',NULL,'uJwo_oH2aVeHjVjtq3vrD2_BmpYMY-1t','$2y$13$9E77LC17xSDDJXEhwQv1We.WtoXr7L0lcyEkUymjk8uRyIkPY1Mf2',NULL,NULL,NULL,NULL,NULL,NULL,NULL,NULL,10,0,0,1569068289,1569068289,NULL,0),(16,'alipay_2088822383260480','alipay_2088822383260480',NULL,'nvS7jSAOi1AI_ecXYb31_FGhHBTqYPGA','$2y$13$gTVQa7nbW5rli2KGYML83.AS8NmiuMInRFhPjFDjmAjWmsySaQXx6',NULL,NULL,NULL,NULL,NULL,NULL,NULL,NULL,10,0,0,1569161707,1569161707,NULL,0);

#
# Structure for table "bai_user_ext_property"
#

DROP TABLE IF EXISTS `bai_user_ext_property`;
CREATE TABLE `bai_user_ext_property` (
  `id` int(11) NOT NULL AUTO_INCREMENT,
  `field` varchar(32) DEFAULT NULL COMMENT '字段',
  `name` varchar(32) DEFAULT NULL COMMENT '名称',
  `data_type` varchar(32) DEFAULT NULL COMMENT '数据类型',
  `data_length` smallint(6) DEFAULT NULL COMMENT '长度',
  `hint` varchar(255) DEFAULT NULL COMMENT '备注',
  `is_required` bit(1) DEFAULT b'0' COMMENT '必填',
  `input_type` varchar(32) DEFAULT NULL COMMENT '输入框',
  `input_value` text COMMENT '输入值',
  `sort` smallint(6) DEFAULT NULL COMMENT '排序',
  PRIMARY KEY (`id`)
) ENGINE=InnoDB AUTO_INCREMENT=2 DEFAULT CHARSET=utf8mb4 COMMENT='用户扩展属性';

#
# Data for table "bai_user_ext_property"
#

INSERT INTO `bai_user_ext_property` VALUES (1,'position','岗位','string',32,'工作岗位的抬头',b'1','text','',1);

#
# Structure for table "bai_user_ext_value"
#

DROP TABLE IF EXISTS `bai_user_ext_value`;
CREATE TABLE `bai_user_ext_value` (
  `user_id` int(11) NOT NULL COMMENT '用户',
  `field` varchar(32) NOT NULL COMMENT '属性',
  `value` text COMMENT '值',
  PRIMARY KEY (`user_id`,`field`),
  KEY `user_id` (`user_id`) COMMENT '用户'
) ENGINE=InnoDB DEFAULT CHARSET=utf8mb4 COMMENT='用户扩展属性值';

#
# Data for table "bai_user_ext_value"
#

INSERT INTO `bai_user_ext_value` VALUES (1,'position','工程师1'),(2,'position',''),(3,'position','顶顶顶'),(5,'position','工程师4'),(9,'position','工程师'),(10,'position','工程师'),(11,'position',NULL),(12,'position',NULL);

#
# Structure for table "bai_user_social"
#

DROP TABLE IF EXISTS `bai_user_social`;
CREATE TABLE `bai_user_social` (
  `user_id` int(11) NOT NULL DEFAULT '0' COMMENT '本地用户id',
  `open_id` varchar(64) NOT NULL DEFAULT '' COMMENT '第三方id',
  `source` varchar(32) NOT NULL DEFAULT 'alipay' COMMENT '来源',
  PRIMARY KEY (`user_id`,`open_id`,`source`)
) ENGINE=InnoDB DEFAULT CHARSET=utf8mb4 COMMENT='用第三方id';

#
# Data for table "bai_user_social"
#

INSERT INTO `bai_user_social` VALUES (15,'2088002271137771','alipay'),(16,'2088822383260480','alipay');

#
# Structure for table "blc_card"
#

DROP TABLE IF EXISTS `blc_card`;
CREATE TABLE `blc_card` (
  `id` int(11) NOT NULL AUTO_INCREMENT,
  `user_id` int(11) NOT NULL COMMENT '创建人',
  `customer_id` int(11) NOT NULL COMMENT '客户',
  `account` varchar(64) DEFAULT NULL COMMENT '账号',
  `bank` varchar(128) DEFAULT NULL COMMENT '银行',
  `status` bit(1) DEFAULT NULL COMMENT '状态',
  `remoney` decimal(10,2) DEFAULT NULL COMMENT '待还款总额',
  `remonth` tinyint(3) DEFAULT NULL COMMENT '还款月',
  `reday` tinyint(3) DEFAULT NULL COMMENT '还款日',
  `quota` decimal(10,2) unsigned DEFAULT NULL COMMENT '当前额度',
  `created_at` int(11) DEFAULT NULL COMMENT '添加时间',
  `updated_at` int(11) DEFAULT NULL COMMENT '更新时间',
  `is_del` bit(1) DEFAULT b'0' COMMENT '删除',
  PRIMARY KEY (`id`),
  UNIQUE KEY `user_id_UNIQUE` (`user_id`),
  KEY `fk_card_customer1_idx` (`customer_id`),
  KEY `fk_card_user1_idx` (`user_id`)
) ENGINE=InnoDB AUTO_INCREMENT=2 DEFAULT CHARSET=utf8mb4 COMMENT='信用卡';

#
# Data for table "blc_card"
#

INSERT INTO `blc_card` VALUES (1,1,2,'3434345677888','中国人民银行',b'1',3000.00,9,1,5000.00,1569108906,1569126093,b'0');

#
# Structure for table "blc_card_trade"
#

DROP TABLE IF EXISTS `blc_card_trade`;
CREATE TABLE `blc_card_trade` (
  `id` int(11) NOT NULL AUTO_INCREMENT,
  `card_id` int(11) NOT NULL COMMENT '卡片',
  `amount` decimal(10,2) DEFAULT NULL COMMENT '金额',
  `trade_type` tinyint(4) DEFAULT NULL COMMENT '类型',
  `trade_date` date DEFAULT NULL COMMENT '交易日期',
  `created_at` int(11) DEFAULT NULL COMMENT '创建时间',
  `updated_at` int(11) DEFAULT NULL COMMENT '更新时间',
  `is_del` bit(1) DEFAULT b'0' COMMENT '删除',
  PRIMARY KEY (`id`),
  KEY `fk_card_trade_card1_idx` (`card_id`)
) ENGINE=InnoDB AUTO_INCREMENT=3 DEFAULT CHARSET=utf8mb4 COMMENT='交易流水';

#
# Data for table "blc_card_trade"
#

INSERT INTO `blc_card_trade` VALUES (1,1,300.00,1,'2019-09-22',1569130887,1569130887,b'0'),(2,1,300.00,0,'2019-09-22',1569130914,1569130914,b'0');

#
# Structure for table "blc_customer"
#

DROP TABLE IF EXISTS `blc_customer`;
CREATE TABLE `blc_customer` (
  `id` int(11) NOT NULL AUTO_INCREMENT,
  `user_id` int(11) NOT NULL COMMENT '用户',
  `name` varchar(64) DEFAULT NULL COMMENT '姓名',
  `mobile` varchar(64) DEFAULT NULL COMMENT '手机号',
  `id_no` varchar(18) DEFAULT NULL COMMENT '身份证',
  `id_photo1` varchar(128) DEFAULT NULL COMMENT '身份证正面',
  `id_photo2` varchar(128) DEFAULT NULL COMMENT '身份证背面',
  `created_at` int(11) DEFAULT NULL COMMENT '添加时间',
  `updated_at` int(11) DEFAULT NULL COMMENT '更新时间',
  `is_del` bit(1) DEFAULT b'0' COMMENT '删除',
  PRIMARY KEY (`id`),
  KEY `fk_customer_user1_idx` (`user_id`)
) ENGINE=InnoDB AUTO_INCREMENT=3 DEFAULT CHARSET=utf8mb4 COMMENT='客户';

#
# Data for table "blc_customer"
#

INSERT INTO `blc_customer` VALUES (1,15,'顿刚','15355498106','42102119830305205X',NULL,NULL,1569072914,1569072914,b'0'),(2,1,'顿刚','15355498106','42102119830305205X',NULL,NULL,1569105567,1569105567,b'0');

#
# Structure for table "blc_order"
#

DROP TABLE IF EXISTS `blc_order`;
CREATE TABLE `blc_order` (
  `id` int(11) NOT NULL AUTO_INCREMENT,
  `user_id` int(11) NOT NULL COMMENT '用户',
  `service_id` int(11) NOT NULL COMMENT '服务',
  `sn` varchar(16) DEFAULT NULL COMMENT '订单编号',
  `is_try` bit(1) NOT NULL DEFAULT b'0' COMMENT '试用',
  `amount` decimal(10,2) DEFAULT NULL COMMENT '金额',
  `pay_amount` decimal(8,2) DEFAULT NULL COMMENT '支付金额',
  `pay_status` enum('WAITING_PAY','PAYED','CANCELLED') DEFAULT 'WAITING_PAY' COMMENT '支付状态',
  `product_id` int(11) NOT NULL COMMENT '产品',
  `product_name` varchar(128) DEFAULT NULL COMMENT '产品名称',
  `product_num` tinyint(3) DEFAULT '3' COMMENT '产品数量',
  `remark` varchar(128) DEFAULT NULL COMMENT '备注',
  `payed_at` int(11) DEFAULT NULL COMMENT '支付时间',
  `created_at` int(11) DEFAULT NULL COMMENT '添加时间',
  `updated_at` int(11) DEFAULT NULL COMMENT '更新时间',
  `is_del` bit(1) DEFAULT b'0',
  PRIMARY KEY (`id`),
  KEY `fk_order_product1_idx` (`product_id`),
  KEY `fk_order_user1_idx` (`user_id`),
  KEY `fk_order_blc_service1_idx` (`service_id`)
) ENGINE=InnoDB AUTO_INCREMENT=23 DEFAULT CHARSET=utf8mb4 COMMENT='订单';

#
# Data for table "blc_order"
#

INSERT INTO `blc_order` VALUES (1,1,1,'2019092249495552',b'0',66.00,66.00,'PAYED',1,'基础服务-一个月',3,'测试订单',1569145333,1569136529,1569145333,b'0'),(22,15,1,'2019092348565156',b'1',0.00,NULL,'WAITING_PAY',2,'基础服务-免费试用一个月',1,'测试试用订单',NULL,1569206816,1569206816,b'0');

#
# Structure for table "blc_product"
#

DROP TABLE IF EXISTS `blc_product`;
CREATE TABLE `blc_product` (
  `id` int(11) NOT NULL AUTO_INCREMENT,
  `service_id` int(11) NOT NULL COMMENT '服务',
  `name` varchar(128) NOT NULL COMMENT '名称',
  `sale_price` decimal(8,2) DEFAULT '88.00' COMMENT '市场价',
  `price` decimal(8,2) DEFAULT '88.00' COMMENT '价格',
  `num` tinyint(4) DEFAULT '1' COMMENT '数量',
  `is_try` bit(1) DEFAULT b'0' COMMENT '是否试用',
  `created_at` int(11) DEFAULT NULL COMMENT '添加时间',
  `updated_at` int(11) DEFAULT NULL COMMENT '更新时间',
  `is_del` bit(1) DEFAULT b'0' COMMENT '删除',
  PRIMARY KEY (`id`),
  KEY `fk_product_blc_service1_idx` (`service_id`)
) ENGINE=InnoDB AUTO_INCREMENT=3 DEFAULT CHARSET=utf8mb4 COMMENT='产品';

#
# Data for table "blc_product"
#

INSERT INTO `blc_product` VALUES (1,1,'一个月',88.00,66.00,1,b'0',1568888227,1569202994,b'0'),(2,1,'免费试用一个月',88.00,0.00,1,b'1',1569203048,1569203048,b'0');

#
# Structure for table "blc_service"
#

DROP TABLE IF EXISTS `blc_service`;
CREATE TABLE `blc_service` (
  `id` int(11) NOT NULL AUTO_INCREMENT,
  `name` varchar(128) DEFAULT NULL COMMENT '服务名称',
  `auth_code` varchar(32) DEFAULT NULL COMMENT '授权编码',
  `icon` varchar(64) DEFAULT NULL COMMENT '图标',
  `intro` varchar(255) DEFAULT NULL COMMENT '简介',
  `detail` text COMMENT '详情',
  `sort` tinyint(4) DEFAULT NULL COMMENT '排序',
  `is_del` bit(1) DEFAULT b'0' COMMENT '删除',
  PRIMARY KEY (`id`)
) ENGINE=InnoDB AUTO_INCREMENT=2 DEFAULT CHARSET=utf8mb4;

#
# Data for table "blc_service"
#

INSERT INTO `blc_service` VALUES (1,'基础服务','finance_base','fa fa-finance','可以管理多个人的信息，信用卡信息，交易流水信息','可以管理多个人的信息，信用卡信息，交易流水信息',1,b'0');

#
# Structure for table "blc_user_service"
#

DROP TABLE IF EXISTS `blc_user_service`;
CREATE TABLE `blc_user_service` (
  `user_id` int(11) NOT NULL COMMENT '用户',
  `service_id` int(11) NOT NULL COMMENT '服务',
  `status` enum('open','close') DEFAULT 'close' COMMENT '状态',
  `expired_at` int(11) NOT NULL DEFAULT '0' COMMENT '有效期',
  `created_at` int(11) DEFAULT NULL COMMENT '添加时间',
  `updated_at` int(11) DEFAULT NULL COMMENT '更新时间',
  PRIMARY KEY (`user_id`,`service_id`),
  KEY `fk_user_service_user1_idx` (`user_id`),
  KEY `fk_blc_user_service_blc_service1_idx` (`service_id`)
) ENGINE=InnoDB DEFAULT CHARSET=utf8mb4 COMMENT='用户开通服务';

#
# Data for table "blc_user_service"
#

INSERT INTO `blc_user_service` VALUES (1,1,'open',1577007733,1569145333,1569145333),(15,1,'open',1571798816,1569206816,1569206816);

#
# Structure for table "cms_album"
#

DROP TABLE IF EXISTS `cms_album`;
CREATE TABLE `cms_album` (
  `id` int(11) NOT NULL AUTO_INCREMENT,
  `article_id` int(11) NOT NULL COMMENT '文章',
  `url` varchar(128) NOT NULL COMMENT '图片地址',
  `filename` varchar(128) NOT NULL COMMENT '图片名称',
  `sort` smallint(6) NOT NULL DEFAULT '0' COMMENT '排序',
  PRIMARY KEY (`id`)
) ENGINE=InnoDB AUTO_INCREMENT=104 DEFAULT CHARSET=utf8mb4 COMMENT='图片相册';

#
# Data for table "cms_album"
#

INSERT INTO `cms_album` VALUES (1,20,'uploads/image/2019/03-26/image5c99dcf4edd211.18977612.png','产品推荐_08.png',8),(2,20,'uploads/image/2019/03-26/image5c99dcf4ee1099.84294929.png','产品推荐_09.png',9),(3,20,'uploads/image/2019/03-26/image5c99dcf4ee4f21.89506343.png','产品推荐_10.png',10),(4,21,'uploads/image/2019/03-26/image5c99dff6e9cdf5.80099581.png','产品推荐_01.png',1),(5,21,'uploads/image/2019/03-26/image5c99dff6ea8754.18169260.png','产品推荐_02.png',2),(6,21,'uploads/image/2019/03-26/image5c99dff6eb0812.14802342.png','产品推荐_03.png',3),(7,21,'uploads/image/2019/03-26/image5c99dff6eb4513.79893188.png','产品推荐_04.png',4),(8,21,'uploads/image/2019/03-26/image5c99dff6eb84e9.76456456.png','产品推荐_05.png',5),(9,21,'uploads/image/2019/03-26/image5c99dff6ebfe02.75362268.png','产品推荐_06.png',6),(10,21,'uploads/image/2019/03-26/image5c99dff6ec3f43.96313360.png','产品推荐_07.png',7),(11,21,'uploads/image/2019/03-26/image5c99dff6ec7b21.06420956.png','产品推荐_08.png',8),(12,21,'uploads/image/2019/03-26/image5c99dff6ecbb67.33491692.png','产品推荐_09.png',9),(13,21,'uploads/image/2019/03-26/image5c99dff6ecf9e7.94418415.png','产品推荐_10.png',10),(14,21,'uploads/image/2019/03-26/image5c99dff6ed3861.85447255.png','产品推荐_11.png',11),(15,21,'uploads/image/2019/03-26/image5c99dff6ed7897.00581203.png','产品推荐_12.png',12),(16,21,'uploads/image/2019/03-26/image5c99dff6edb564.77992048.png','产品推荐_13.png',13),(17,21,'uploads/image/2019/03-26/image5c99dff6edf3e8.03316853.png','产品推荐_14.png',14),(18,21,'uploads/image/2019/03-26/image5c99dff6ee3477.97634803.png','产品推荐_15.png',15),(19,21,'uploads/image/2019/03-26/image5c99dff6eeb0e8.73653260.png','产品推荐_16.png',16),(20,21,'uploads/image/2019/03-26/image5c99dff6ef2aa9.02375092.png','产品推荐_17.png',17),(21,21,'uploads/image/2019/03-26/image5c99dff6ef6bc0.60027081.png','产品推荐_18.png',18),(22,21,'uploads/image/2019/03-26/image5c99dff6efaa05.61621358.png','产品推荐_19.png',19),(23,21,'uploads/image/2019/03-26/image5c99dff6efe847.29876990.png','产品推荐_20.png',20),(24,29,'uploads/image/2019/03-27/image5c9aea673468b2.03897194.png','产品推荐_01.png',1),(25,29,'uploads/image/2019/03-27/image5c9aea67623d34.27143546.png','产品推荐_02.png',2),(26,29,'uploads/image/2019/03-27/image5c9aea678c27d0.32821991.png','产品推荐_03.png',3),(27,29,'uploads/image/2019/03-27/image5c9aea67a6dbd9.45332316.png','产品推荐_04.png',4),(28,29,'uploads/image/2019/03-27/image5c9aea67d0d215.38544483.png','产品推荐_05.png',5),(29,29,'uploads/image/2019/03-27/image5c9aea6806a421.45608804.png','产品推荐_06.png',6),(30,29,'uploads/image/2019/03-27/image5c9aea683468a8.19860426.png','产品推荐_07.png',7),(31,29,'uploads/image/2019/03-27/image5c9aea6865fff5.23484339.png','产品推荐_08.png',8),(32,29,'uploads/image/2019/03-27/image5c9aea688ff841.67264527.png','产品推荐_09.png',9),(33,29,'uploads/image/2019/03-27/image5c9aea68b9ed42.91300755.png','产品推荐_10.png',10),(34,29,'uploads/image/2019/03-27/image5c9aea68e3e4a7.48011490.png','产品推荐_11.png',11),(35,29,'uploads/image/2019/03-27/image5c9aea691d8779.48963804.png','产品推荐_12.png',12),(36,29,'uploads/image/2019/03-27/image5c9aea694404f5.15045677.png','产品推荐_13.png',13),(37,29,'uploads/image/2019/03-27/image5c9aea69623195.65936939.png','产品推荐_14.png',14),(38,29,'uploads/image/2019/03-27/image5c9aea698c27a5.03383861.png','产品推荐_15.png',15),(39,29,'uploads/image/2019/03-27/image5c9aea69b9ec55.07613385.png','产品推荐_16.png',16),(40,29,'uploads/image/2019/03-27/image5c9aea69e3e4b5.41634399.png','产品推荐_17.png',17),(41,29,'uploads/image/2019/03-27/image5c9aea6a1d8761.36943833.png','产品推荐_18.png',18),(42,29,'uploads/image/2019/03-27/image5c9aea6a383b65.11229864.png','产品推荐_19.png',19),(43,29,'uploads/image/2019/03-27/image5c9b080fd03963.08430688.png','产品推荐_20.png',20),(44,29,'uploads/image/2019/03-27/image5c9b08100f5be7.24181400.png','产品推荐_21.png',21),(45,29,'uploads/image/2019/03-27/image5c9b0810309003.09038089.png','产品推荐_22.png',22),(46,29,'uploads/image/2019/03-27/image5c9b0810595338.85871579.png','产品推荐_23.png',23),(47,29,'uploads/image/2019/03-27/image5c9b0810829822.18176859.png','产品推荐_24.png',24),(48,29,'uploads/image/2019/03-27/image5c9b0810aa9fb0.12521064.png','产品推荐_25.png',25),(49,29,'uploads/image/2019/03-27/image5c9b0810cbd3c0.48661221.png','产品推荐_26.png',26),(50,29,'uploads/image/2019/03-27/image5c9b0811016f32.51642435.png','产品推荐_27.png',27),(51,29,'uploads/image/2019/03-27/image5c9b081122e1c5.70940686.png','产品推荐_28.png',28),(52,29,'uploads/image/2019/03-27/image5c9b08114a6ec8.83743864.png','产品推荐_29.png',29),(53,29,'uploads/image/2019/03-27/image5c9b081174b349.75355214.png','产品推荐_30.png',30),(54,29,'uploads/image/2019/03-27/image5c9b0811a066a1.22724975.png','产品推荐_31.png',31),(55,29,'uploads/image/2019/03-27/image5c9b0811cbdc16.18452047.png','产品推荐_32.png',32),(56,29,'uploads/image/2019/03-27/image5c9b0812032cb8.16072970.png','产品推荐_33.png',33),(57,29,'uploads/image/2019/03-27/image5c9b08122d6975.80672975.png','产品推荐_34.png',34),(58,29,'uploads/image/2019/03-27/image5c9b0812562ec5.61915596.png','产品推荐_35.png',35),(59,29,'uploads/image/2019/03-27/image5c9b081277dfc3.07131181.png','产品推荐_36.png',36),(60,29,'uploads/image/2019/03-27/image5c9b0812a19f39.06819053.png','产品推荐_37.png',37),(61,29,'uploads/image/2019/03-27/image5c9b0812c294b5.26277328.png','产品推荐_38.png',38),(62,29,'uploads/image/2019/03-27/image5c9b0812eb5a47.80852575.png','产品推荐_39.png',39),(64,30,'uploads/image/2019/03-27/image5c9b0a939a4617.93015485.png','产品推荐_01.png',1),(65,30,'uploads/image/2019/03-27/image5c9b0a93df5fd6.40605515.png','产品推荐_02.png',2),(66,30,'uploads/image/2019/03-27/image5c9b0a9417e950.94457519.png','产品推荐_03.png',3),(67,30,'uploads/image/2019/03-27/image5c9b0a94353607.87171961.png','产品推荐_04.png',4),(68,30,'uploads/image/2019/03-27/image5c9b0a94658a18.27446637.png','产品推荐_05.png',5),(69,30,'uploads/image/2019/03-27/image5c9b0a94989084.31891255.png','产品推荐_06.png',6),(70,30,'uploads/image/2019/03-27/image5c9b0a94cb1df9.15311300.png','产品推荐_07.png',7),(71,30,'uploads/image/2019/03-27/image5c9b0a950bb455.69838760.png','产品推荐_08.png',8),(72,30,'uploads/image/2019/03-27/image5c9b0a953efae8.69360650.png','产品推荐_09.png',9),(73,30,'uploads/image/2019/03-27/image5c9b0a95704822.83810834.png','产品推荐_10.png',10),(74,30,'uploads/image/2019/03-27/image5c9b0a95a21861.65851033.png','产品推荐_11.png',11),(75,30,'uploads/image/2019/03-27/image5c9b0a95d0b970.22638932.png','产品推荐_12.png',12),(76,30,'uploads/image/2019/03-27/image5c9b0a96112508.21860111.png','产品推荐_13.png',13),(77,30,'uploads/image/2019/03-27/image5c9b0a96321b15.79665024.png','产品推荐_14.png',14),(78,30,'uploads/image/2019/03-27/image5c9b0a96652114.42687040.png','产品推荐_15.png',15),(79,30,'uploads/image/2019/03-27/image5c9b0a96982779.15280292.png','产品推荐_16.png',16),(80,30,'uploads/image/2019/03-27/image5c9b0a96ca3434.03041377.png','产品推荐_17.png',17),(81,30,'uploads/image/2019/03-27/image5c9b0a970b8797.86426113.png','产品推荐_18.png',18),(82,30,'uploads/image/2019/03-27/image5c9b0a972895d3.58927683.png','产品推荐_19.png',19),(83,30,'uploads/image/2019/03-27/image5c9b0a9758ee67.38522538.png','产品推荐_20.png',20),(84,28,'uploads/image/2019/03-27/image5c9b1d5e0b7b47.65520904.png','产品推荐_01.png',1),(85,28,'uploads/image/2019/03-27/image5c9b1d5e4fd3c4.58222320.png','产品推荐_02.png',2),(86,28,'uploads/image/2019/03-27/image5c9b1d5e7c8150.73692777.png','产品推荐_03.png',3),(87,28,'uploads/image/2019/03-27/image5c9b1d5e9ac847.74285585.png','产品推荐_04.png',4),(88,28,'uploads/image/2019/03-27/image5c9b1d5ecc1858.82551564.png','产品推荐_05.png',5),(89,28,'uploads/image/2019/03-27/image5c9b1d5f0983c8.94788599.png','产品推荐_06.png',6),(90,28,'uploads/image/2019/03-27/image5c9b1d5f3c0d57.66878289.png','产品推荐_07.png',7),(91,28,'uploads/image/2019/03-27/image5c9b1d5f70c953.52357415.png','产品推荐_08.png',8),(92,28,'uploads/image/2019/03-27/image5c9b1d5fa19d40.90451464.png','产品推荐_09.png',9),(93,28,'uploads/image/2019/03-27/image5c9b1d5fd2ee48.20025608.png','产品推荐_10.png',10),(94,28,'uploads/image/2019/03-27/image5c9b1d600ee2d1.52751692.png','产品推荐_11.png',11),(95,28,'uploads/image/2019/03-27/image5c9b1d603efb67.01754859.png','产品推荐_12.png',12),(96,28,'uploads/image/2019/03-27/image5c9b1d606e96e5.46148695.png','产品推荐_13.png',13),(97,28,'uploads/image/2019/03-27/image5c9b1d608ba450.43166770.png','产品推荐_14.png',14),(98,28,'uploads/image/2019/03-27/image5c9b1d60bbbcd7.88633816.png','产品推荐_15.png',15),(99,28,'uploads/image/2019/03-27/image5c9b1d60ed8ac2.10650590.png','产品推荐_16.png',16),(100,28,'uploads/image/2019/03-27/image5c9b1d612af649.82257051.png','产品推荐_17.png',17),(101,28,'uploads/image/2019/03-27/image5c9b1d615d0301.06053856.png','产品推荐_18.png',18),(102,28,'uploads/image/2019/03-27/image5c9b1d617b0d04.03512234.png','产品推荐_19.png',19),(103,28,'uploads/image/2019/03-27/image5c9b1d61ac1cc6.83811989.png','产品推荐_20.png',20);

#
# Structure for table "cms_article"
#

DROP TABLE IF EXISTS `cms_article`;
CREATE TABLE `cms_article` (
  `id` int(11) NOT NULL AUTO_INCREMENT,
  `user_id` int(11) NOT NULL COMMENT '作者',
  `cat_id` int(11) NOT NULL COMMENT '分类',
  `created_at` int(11) DEFAULT NULL COMMENT '添加时间',
  `updated_at` int(11) DEFAULT NULL COMMENT '更新时间',
  `view_times` int(11) DEFAULT NULL COMMENT '阅读量',
  `slug` varchar(128) DEFAULT NULL COMMENT 'Slug',
  `enable_comment` bit(1) DEFAULT b'0' COMMENT '是否可以评论',
  `doc_type` varchar(32) DEFAULT 'article' COMMENT '类型',
  `title` varchar(128) NOT NULL COMMENT '标题',
  `cover` varchar(128) DEFAULT NULL COMMENT '图片',
  `keywords` varchar(128) DEFAULT NULL COMMENT '关键字',
  `description` varchar(255) DEFAULT NULL COMMENT '摘要',
  `content` text COMMENT '内容',
  PRIMARY KEY (`id`),
  UNIQUE KEY `slug` (`slug`)
) ENGINE=InnoDB AUTO_INCREMENT=32 DEFAULT CHARSET=utf8mb4 COMMENT='文章';

#
# Data for table "cms_article"
#

INSERT INTO `cms_article` VALUES (1,1,2,1553578094,1558962925,NULL,'',b'0','article','阿里集团提案','uploads/image/2019/05-26/image5cea086496dc33.44219889.jpg','','','<p><img src=\"uploads/image/2019/03-26/image5c99b7f5ce2aa7.66541736.png\" style=\"max-width:100%;\"></p><p><br></p>'),(2,1,1,1553585573,1553585573,NULL,NULL,b'0','album','阿里集团提案ONE','uploads/image/2019/03-26/image5c99d55ddaeca4.60885478.png','','',NULL),(3,1,1,1553585692,1553585692,NULL,NULL,b'0','album','阿里集团提案X','uploads/image/2019/03-26/image5c99d60e9ecd36.54112221.png','','',NULL),(4,1,1,1553586069,1553586069,NULL,NULL,b'0','album','阿里集团提案PLUS','uploads/image/2019/03-26/image5c99d66b965dc1.49691073.png','','',NULL),(5,1,1,1553586179,1553586179,NULL,NULL,b'0','album','阿里集团提案10','uploads/image/2019/03-26/image5c99d7fa20f984.09873494.png','','',NULL),(6,1,1,1553586287,1553586287,NULL,NULL,b'0','album','阿里集团提案10','uploads/image/2019/03-26/image5c99d7fa20f984.09873494.png','','',NULL),(7,1,1,1553586382,1553586382,NULL,NULL,b'0','album','阿里集团提案10','uploads/image/2019/03-26/image5c99d7fa20f984.09873494.png','','',NULL),(8,1,1,1553586451,1553586451,NULL,NULL,b'0','album','阿里集团提案10','uploads/image/2019/03-26/image5c99d7fa20f984.09873494.png','','',NULL),(9,1,1,1553586599,1553586599,NULL,NULL,b'0','album','阿里集团提案10','uploads/image/2019/03-26/image5c99d7fa20f984.09873494.png','','',NULL),(10,1,1,1553586627,1553586627,NULL,NULL,b'0','album','阿里集团提案10','uploads/image/2019/03-26/image5c99d7fa20f984.09873494.png','','',NULL),(11,1,1,1553586640,1553586640,NULL,NULL,b'0','album','阿里集团提案10','uploads/image/2019/03-26/image5c99d7fa20f984.09873494.png','','',NULL),(12,1,1,1553586763,1553586763,NULL,NULL,b'0','album','阿里集团提案ONE','uploads/image/2019/03-26/image5c99da430cf2b7.28384431.png','','',NULL),(13,1,1,1553586795,1553586795,NULL,NULL,b'0','album','阿里集团提案ONE','uploads/image/2019/03-26/image5c99da430cf2b7.28384431.png','','',NULL),(14,1,1,1553586980,1553586980,NULL,NULL,b'0','album','阿里集团提案ONE','uploads/image/2019/03-26/image5c99db17a4a953.71032997.png','','',NULL),(15,1,1,1553587001,1553587001,NULL,NULL,b'0','album','阿里集团提案ONE','uploads/image/2019/03-26/image5c99db17a4a953.71032997.png','','',NULL),(16,1,1,1553587106,1553587106,NULL,NULL,b'0','album','阿里集团提案ONE','uploads/image/2019/03-26/image5c99db17a4a953.71032997.png','','',NULL),(17,1,1,1553587256,1553587256,NULL,NULL,b'0','album','阿里集团提案10','uploads/image/2019/03-26/image5c99b80e2b0ac3.27924631.jpg','','',NULL),(18,1,1,1553587383,1553587383,NULL,NULL,b'0','album','阿里集团提案10','uploads/image/2019/03-26/image5c99b80e2b0ac3.27924631.jpg','','',NULL),(19,1,1,1553587414,1553587414,NULL,NULL,b'0','album','阿里集团提案ONE','uploads/image/2019/03-26/image5c99d55ddaeca4.60885478.png','','',NULL),(20,1,1,1553587444,1553587444,NULL,NULL,b'0','album','阿里集团提案ONE','uploads/image/2019/03-26/image5c99d55ddaeca4.60885478.png','','',NULL),(21,1,1,1553588214,1553588214,NULL,NULL,b'0','album','阿里集团提案10','uploads/image/2019/03-26/image5c99d55ddaeca4.60885478.png','','',NULL),(22,1,1,1553652308,1553652308,NULL,NULL,b'0','album','阿里集团提案ONE','','','',NULL),(23,1,1,1553653968,1553656327,NULL,NULL,b'0','album','阿里集团提案ONE',NULL,'','',NULL),(24,1,1,1553654041,1553654041,NULL,NULL,b'0','album','阿里集团提案10',NULL,'','',NULL),(25,1,1,1553654072,1553654072,NULL,NULL,b'0','album','阿里集团提案',NULL,'','',NULL),(26,1,1,1553654297,1553654297,NULL,NULL,b'0','album','阿里集团提案10',NULL,'','',NULL),(27,1,1,1553654389,1553654389,NULL,NULL,b'0','album','阿里集团提案10','uploads/image/2019/03-27/image5c9ae275166022.05671651.png','','',NULL),(28,1,1,1553655284,1553655284,NULL,NULL,b'0','album','阿里集团提案PLUS','uploads/image/2019/03-27/image5c9ae5f3e3f9c4.76479949.png','','',NULL),(29,1,1,1553656423,1553656423,NULL,NULL,b'0','album','tetstestesttetst','uploads/image/2019/03-27/image5c9aea66e7b316.08777038.png','','',NULL),(30,1,1,1553664599,1553956188,NULL,NULL,b'0','album','ffffff','uploads/image/2019/03-30/image5c9f7d5c8f2bb3.35643807.png','','',NULL),(31,1,1,1553844193,1559265991,NULL,'test-code-attribute-behavior',b'0','article','测试属性行为','uploads/image/2019/03-26/image5c99d55ddaeca4.60885478.png','','','<p>测试属性是否自动填充</p><br><pre><code>namespace app\\addons\\wangeditor\\assets;<br><br>use yii\\web\\AssetBundle;<br><br>/**<br> * wangeditor<br> * &lt;link&gt;http://www.wangeditor.com&lt;/link&gt;<br> *<br> * @author dungang<br> */<br>class WangEditorAsset extends AssetBundle<br>{<br><br>    public function init()<br>    {<br>        if(empty($this-&gt;baseUrl)) {<br>            $this-&gt;sourcePath = __DIR__ . DIRECTORY_SEPARATOR . \'wang-editor\';<br>        }<br>    }<br><br>    public $js = [<br>        \'wangEditor.min.js\',<br>    ];<br><br>    public $css = [<br>        \'wangEditor.min.css\'<br>    ];<br><br>    public $depends = [<br>        \'yii\\web\\JqueryAsset\'<br>    ];<br>}</code></pre><p><br></p>');

#
# Structure for table "cms_category"
#

DROP TABLE IF EXISTS `cms_category`;
CREATE TABLE `cms_category` (
  `id` int(11) NOT NULL AUTO_INCREMENT,
  `pid` int(11) NOT NULL DEFAULT '0' COMMENT '上级',
  `name` varchar(64) NOT NULL COMMENT '名称',
  `intro` varchar(255) NOT NULL COMMENT '说明',
  `sort` smallint(6) NOT NULL DEFAULT '0' COMMENT '排序',
  PRIMARY KEY (`id`)
) ENGINE=InnoDB AUTO_INCREMENT=3 DEFAULT CHARSET=utf8mb4 COMMENT='分类';

#
# Data for table "cms_category"
#

INSERT INTO `cms_category` VALUES (1,0,'国际','最新的国际旅行资讯',1),(2,1,'泰国','泰国的旅游资讯',2);
